INFO 2025-06-20 15:13:37,351 autoreload 14216 3564 Watching for file changes with StatReloader
INFO 2025-06-20 15:13:48,337 basehttp 14216 11024 "GET /staff/tareas/ HTTP/1.1" 200 11984
INFO 2025-06-20 15:13:50,337 basehttp 14216 11024 "GET /staff/dashboard/ HTTP/1.1" 200 12935
WARNING 2025-06-20 15:13:50,662 basehttp 14216 11024 "GET /static/css/staff.css HTTP/1.1" 404 1853
INFO 2025-06-20 15:13:51,598 basehttp 14216 27600 "GET / HTTP/1.1" 200 6257
INFO 2025-06-20 15:43:28,954 autoreload 14216 3564 C:\Users\ignac\OneDrive\Documentos\Django\NovaraRey\NovaraRey\urls.py changed, reloading.
INFO 2025-06-20 15:43:31,118 autoreload 28124 13932 Watching for file changes with StatReloader
INFO 2025-06-20 15:47:16,347 autoreload 28124 13932 C:\Users\ignac\OneDrive\Documentos\Django\NovaraRey\MainApp\urls.py changed, reloading.
INFO 2025-06-20 15:47:18,295 autoreload 23500 14632 Watching for file changes with StatReloader
INFO 2025-06-20 15:47:59,749 autoreload 23500 14632 C:\Users\ignac\OneDrive\Documentos\Django\NovaraRey\MainApp\views.py changed, reloading.
INFO 2025-06-20 15:48:01,449 autoreload 5876 1816 Watching for file changes with StatReloader
INFO 2025-06-20 15:49:10,262 autoreload 5876 1816 C:\Users\ignac\OneDrive\Documentos\Django\NovaraRey\MainApp\views.py changed, reloading.
INFO 2025-06-20 15:49:11,939 autoreload 17036 14184 Watching for file changes with StatReloader
INFO 2025-06-20 15:50:01,968 autoreload 17036 14184 C:\Users\ignac\OneDrive\Documentos\Django\NovaraRey\MainApp\urls.py changed, reloading.
INFO 2025-06-20 15:50:03,322 autoreload 2176 7220 Watching for file changes with StatReloader
INFO 2025-06-20 15:53:48,309 autoreload 2176 7220 C:\Users\ignac\OneDrive\Documentos\Django\NovaraRey\MainApp\models.py changed, reloading.
INFO 2025-06-20 15:53:50,044 autoreload 4244 17184 Watching for file changes with StatReloader
INFO 2025-06-20 15:54:56,110 autoreload 4244 17184 C:\Users\ignac\OneDrive\Documentos\Django\NovaraRey\MainApp\models.py changed, reloading.
INFO 2025-06-20 15:54:59,674 autoreload 19196 14596 Watching for file changes with StatReloader
ERROR 2025-06-20 15:57:27,537 log 19196 12000 Internal Server Error: /
Traceback (most recent call last):
  File "C:\Users\ignac\AppData\Local\Programs\Python\Python313\Lib\site-packages\django\core\handlers\exception.py", line 55, in inner
    response = get_response(request)
  File "C:\Users\ignac\AppData\Local\Programs\Python\Python313\Lib\site-packages\django\core\handlers\base.py", line 197, in _get_response
    response = wrapped_callback(request, *callback_args, **callback_kwargs)
  File "C:\Users\ignac\OneDrive\Documentos\Django\novararey\MainApp\views.py", line 6, in vista_home
    return render(req, "MainApp/home.html", {"year": datetime.now().year})
  File "C:\Users\ignac\AppData\Local\Programs\Python\Python313\Lib\site-packages\django\shortcuts.py", line 25, in render
    content = loader.render_to_string(template_name, context, request, using=using)
  File "C:\Users\ignac\AppData\Local\Programs\Python\Python313\Lib\site-packages\django\template\loader.py", line 62, in render_to_string
    return template.render(context, request)
           ~~~~~~~~~~~~~~~^^^^^^^^^^^^^^^^^^
  File "C:\Users\ignac\AppData\Local\Programs\Python\Python313\Lib\site-packages\django\template\backends\django.py", line 107, in render
    return self.template.render(context)
           ~~~~~~~~~~~~~~~~~~~~^^^^^^^^^
  File "C:\Users\ignac\AppData\Local\Programs\Python\Python313\Lib\site-packages\django\template\base.py", line 171, in render
    return self._render(context)
           ~~~~~~~~~~~~^^^^^^^^^
  File "C:\Users\ignac\AppData\Local\Programs\Python\Python313\Lib\site-packages\django\template\base.py", line 163, in _render
    return self.nodelist.render(context)
           ~~~~~~~~~~~~~~~~~~~~^^^^^^^^^
  File "C:\Users\ignac\AppData\Local\Programs\Python\Python313\Lib\site-packages\django\template\base.py", line 1016, in render
    return SafeString("".join([node.render_annotated(context) for node in self]))
                               ~~~~~~~~~~~~~~~~~~~~~^^^^^^^^^
  File "C:\Users\ignac\AppData\Local\Programs\Python\Python313\Lib\site-packages\django\template\base.py", line 977, in render_annotated
    return self.render(context)
           ~~~~~~~~~~~^^^^^^^^^
  File "C:\Users\ignac\AppData\Local\Programs\Python\Python313\Lib\site-packages\django\template\loader_tags.py", line 159, in render
    return compiled_parent._render(context)
           ~~~~~~~~~~~~~~~~~~~~~~~^^^^^^^^^
  File "C:\Users\ignac\AppData\Local\Programs\Python\Python313\Lib\site-packages\django\template\base.py", line 163, in _render
    return self.nodelist.render(context)
           ~~~~~~~~~~~~~~~~~~~~^^^^^^^^^
  File "C:\Users\ignac\AppData\Local\Programs\Python\Python313\Lib\site-packages\django\template\base.py", line 1016, in render
    return SafeString("".join([node.render_annotated(context) for node in self]))
                               ~~~~~~~~~~~~~~~~~~~~~^^^^^^^^^
  File "C:\Users\ignac\AppData\Local\Programs\Python\Python313\Lib\site-packages\django\template\base.py", line 977, in render_annotated
    return self.render(context)
           ~~~~~~~~~~~^^^^^^^^^
  File "C:\Users\ignac\AppData\Local\Programs\Python\Python313\Lib\site-packages\django\template\defaulttags.py", line 480, in render
    url = reverse(view_name, args=args, kwargs=kwargs, current_app=current_app)
  File "C:\Users\ignac\AppData\Local\Programs\Python\Python313\Lib\site-packages\django\urls\base.py", line 98, in reverse
    resolved_url = resolver._reverse_with_prefix(view, prefix, *args, **kwargs)
  File "C:\Users\ignac\AppData\Local\Programs\Python\Python313\Lib\site-packages\django\urls\resolvers.py", line 831, in _reverse_with_prefix
    raise NoReverseMatch(msg)
django.urls.exceptions.NoReverseMatch: Reverse for 'home' not found. 'home' is not a valid view function or pattern name.
ERROR 2025-06-20 15:57:27,568 basehttp 19196 12000 "GET / HTTP/1.1" 500 137359
ERROR 2025-06-20 16:01:35,049 log 19196 12000 Internal Server Error: /
Traceback (most recent call last):
  File "C:\Users\ignac\AppData\Local\Programs\Python\Python313\Lib\site-packages\django\core\handlers\exception.py", line 55, in inner
    response = get_response(request)
  File "C:\Users\ignac\AppData\Local\Programs\Python\Python313\Lib\site-packages\django\core\handlers\base.py", line 197, in _get_response
    response = wrapped_callback(request, *callback_args, **callback_kwargs)
  File "C:\Users\ignac\OneDrive\Documentos\Django\novararey\MainApp\views.py", line 6, in vista_home
    return render(req, "MainApp/home.html", {"year": datetime.now().year})
  File "C:\Users\ignac\AppData\Local\Programs\Python\Python313\Lib\site-packages\django\shortcuts.py", line 25, in render
    content = loader.render_to_string(template_name, context, request, using=using)
  File "C:\Users\ignac\AppData\Local\Programs\Python\Python313\Lib\site-packages\django\template\loader.py", line 62, in render_to_string
    return template.render(context, request)
           ~~~~~~~~~~~~~~~^^^^^^^^^^^^^^^^^^
  File "C:\Users\ignac\AppData\Local\Programs\Python\Python313\Lib\site-packages\django\template\backends\django.py", line 107, in render
    return self.template.render(context)
           ~~~~~~~~~~~~~~~~~~~~^^^^^^^^^
  File "C:\Users\ignac\AppData\Local\Programs\Python\Python313\Lib\site-packages\django\template\base.py", line 171, in render
    return self._render(context)
           ~~~~~~~~~~~~^^^^^^^^^
  File "C:\Users\ignac\AppData\Local\Programs\Python\Python313\Lib\site-packages\django\template\base.py", line 163, in _render
    return self.nodelist.render(context)
           ~~~~~~~~~~~~~~~~~~~~^^^^^^^^^
  File "C:\Users\ignac\AppData\Local\Programs\Python\Python313\Lib\site-packages\django\template\base.py", line 1016, in render
    return SafeString("".join([node.render_annotated(context) for node in self]))
                               ~~~~~~~~~~~~~~~~~~~~~^^^^^^^^^
  File "C:\Users\ignac\AppData\Local\Programs\Python\Python313\Lib\site-packages\django\template\base.py", line 977, in render_annotated
    return self.render(context)
           ~~~~~~~~~~~^^^^^^^^^
  File "C:\Users\ignac\AppData\Local\Programs\Python\Python313\Lib\site-packages\django\template\loader_tags.py", line 159, in render
    return compiled_parent._render(context)
           ~~~~~~~~~~~~~~~~~~~~~~~^^^^^^^^^
  File "C:\Users\ignac\AppData\Local\Programs\Python\Python313\Lib\site-packages\django\template\base.py", line 163, in _render
    return self.nodelist.render(context)
           ~~~~~~~~~~~~~~~~~~~~^^^^^^^^^
  File "C:\Users\ignac\AppData\Local\Programs\Python\Python313\Lib\site-packages\django\template\base.py", line 1016, in render
    return SafeString("".join([node.render_annotated(context) for node in self]))
                               ~~~~~~~~~~~~~~~~~~~~~^^^^^^^^^
  File "C:\Users\ignac\AppData\Local\Programs\Python\Python313\Lib\site-packages\django\template\base.py", line 977, in render_annotated
    return self.render(context)
           ~~~~~~~~~~~^^^^^^^^^
  File "C:\Users\ignac\AppData\Local\Programs\Python\Python313\Lib\site-packages\django\template\defaulttags.py", line 480, in render
    url = reverse(view_name, args=args, kwargs=kwargs, current_app=current_app)
  File "C:\Users\ignac\AppData\Local\Programs\Python\Python313\Lib\site-packages\django\urls\base.py", line 98, in reverse
    resolved_url = resolver._reverse_with_prefix(view, prefix, *args, **kwargs)
  File "C:\Users\ignac\AppData\Local\Programs\Python\Python313\Lib\site-packages\django\urls\resolvers.py", line 831, in _reverse_with_prefix
    raise NoReverseMatch(msg)
django.urls.exceptions.NoReverseMatch: Reverse for 'home' not found. 'home' is not a valid view function or pattern name.
ERROR 2025-06-20 16:01:35,103 basehttp 19196 12000 "GET / HTTP/1.1" 500 137359
ERROR 2025-06-20 16:01:43,097 log 19196 12000 Internal Server Error: /staff/emisiones/editemision/4/
Traceback (most recent call last):
  File "C:\Users\ignac\AppData\Local\Programs\Python\Python313\Lib\site-packages\django\core\handlers\exception.py", line 55, in inner
    response = get_response(request)
  File "C:\Users\ignac\AppData\Local\Programs\Python\Python313\Lib\site-packages\django\core\handlers\base.py", line 197, in _get_response
    response = wrapped_callback(request, *callback_args, **callback_kwargs)
  File "C:\Users\ignac\AppData\Local\Programs\Python\Python313\Lib\site-packages\django\contrib\auth\decorators.py", line 59, in _view_wrapper
    return view_func(request, *args, **kwargs)
  File "C:\Users\ignac\OneDrive\Documentos\Django\novararey\EmisionesApp\views.py", line 177, in vista_editar_emision_completa
    return render(req, 'EmisionesApp/edit_emisiones.html', {
        'emision':emision,
    ...<2 lines>...
        "cotizaciones_cia": cotizaciones_cia,
    })
  File "C:\Users\ignac\AppData\Local\Programs\Python\Python313\Lib\site-packages\django\shortcuts.py", line 25, in render
    content = loader.render_to_string(template_name, context, request, using=using)
  File "C:\Users\ignac\AppData\Local\Programs\Python\Python313\Lib\site-packages\django\template\loader.py", line 62, in render_to_string
    return template.render(context, request)
           ~~~~~~~~~~~~~~~^^^^^^^^^^^^^^^^^^
  File "C:\Users\ignac\AppData\Local\Programs\Python\Python313\Lib\site-packages\django\template\backends\django.py", line 107, in render
    return self.template.render(context)
           ~~~~~~~~~~~~~~~~~~~~^^^^^^^^^
  File "C:\Users\ignac\AppData\Local\Programs\Python\Python313\Lib\site-packages\django\template\base.py", line 171, in render
    return self._render(context)
           ~~~~~~~~~~~~^^^^^^^^^
  File "C:\Users\ignac\AppData\Local\Programs\Python\Python313\Lib\site-packages\django\template\base.py", line 163, in _render
    return self.nodelist.render(context)
           ~~~~~~~~~~~~~~~~~~~~^^^^^^^^^
  File "C:\Users\ignac\AppData\Local\Programs\Python\Python313\Lib\site-packages\django\template\base.py", line 1016, in render
    return SafeString("".join([node.render_annotated(context) for node in self]))
                               ~~~~~~~~~~~~~~~~~~~~~^^^^^^^^^
  File "C:\Users\ignac\AppData\Local\Programs\Python\Python313\Lib\site-packages\django\template\base.py", line 977, in render_annotated
    return self.render(context)
           ~~~~~~~~~~~^^^^^^^^^
  File "C:\Users\ignac\AppData\Local\Programs\Python\Python313\Lib\site-packages\django\template\loader_tags.py", line 159, in render
    return compiled_parent._render(context)
           ~~~~~~~~~~~~~~~~~~~~~~~^^^^^^^^^
  File "C:\Users\ignac\AppData\Local\Programs\Python\Python313\Lib\site-packages\django\template\base.py", line 163, in _render
    return self.nodelist.render(context)
           ~~~~~~~~~~~~~~~~~~~~^^^^^^^^^
  File "C:\Users\ignac\AppData\Local\Programs\Python\Python313\Lib\site-packages\django\template\base.py", line 1016, in render
    return SafeString("".join([node.render_annotated(context) for node in self]))
                               ~~~~~~~~~~~~~~~~~~~~~^^^^^^^^^
  File "C:\Users\ignac\AppData\Local\Programs\Python\Python313\Lib\site-packages\django\template\base.py", line 977, in render_annotated
    return self.render(context)
           ~~~~~~~~~~~^^^^^^^^^
  File "C:\Users\ignac\AppData\Local\Programs\Python\Python313\Lib\site-packages\django\template\defaulttags.py", line 480, in render
    url = reverse(view_name, args=args, kwargs=kwargs, current_app=current_app)
  File "C:\Users\ignac\AppData\Local\Programs\Python\Python313\Lib\site-packages\django\urls\base.py", line 98, in reverse
    resolved_url = resolver._reverse_with_prefix(view, prefix, *args, **kwargs)
  File "C:\Users\ignac\AppData\Local\Programs\Python\Python313\Lib\site-packages\django\urls\resolvers.py", line 831, in _reverse_with_prefix
    raise NoReverseMatch(msg)
django.urls.exceptions.NoReverseMatch: Reverse for 'home' not found. 'home' is not a valid view function or pattern name.
ERROR 2025-06-20 16:01:43,108 basehttp 19196 12000 "GET /staff/emisiones/editemision/4/ HTTP/1.1" 500 149326
ERROR 2025-06-20 16:01:49,858 log 19196 12000 Internal Server Error: /
Traceback (most recent call last):
  File "C:\Users\ignac\AppData\Local\Programs\Python\Python313\Lib\site-packages\django\core\handlers\exception.py", line 55, in inner
    response = get_response(request)
  File "C:\Users\ignac\AppData\Local\Programs\Python\Python313\Lib\site-packages\django\core\handlers\base.py", line 197, in _get_response
    response = wrapped_callback(request, *callback_args, **callback_kwargs)
  File "C:\Users\ignac\OneDrive\Documentos\Django\novararey\MainApp\views.py", line 6, in vista_home
    return render(req, "MainApp/home.html", {"year": datetime.now().year})
  File "C:\Users\ignac\AppData\Local\Programs\Python\Python313\Lib\site-packages\django\shortcuts.py", line 25, in render
    content = loader.render_to_string(template_name, context, request, using=using)
  File "C:\Users\ignac\AppData\Local\Programs\Python\Python313\Lib\site-packages\django\template\loader.py", line 62, in render_to_string
    return template.render(context, request)
           ~~~~~~~~~~~~~~~^^^^^^^^^^^^^^^^^^
  File "C:\Users\ignac\AppData\Local\Programs\Python\Python313\Lib\site-packages\django\template\backends\django.py", line 107, in render
    return self.template.render(context)
           ~~~~~~~~~~~~~~~~~~~~^^^^^^^^^
  File "C:\Users\ignac\AppData\Local\Programs\Python\Python313\Lib\site-packages\django\template\base.py", line 171, in render
    return self._render(context)
           ~~~~~~~~~~~~^^^^^^^^^
  File "C:\Users\ignac\AppData\Local\Programs\Python\Python313\Lib\site-packages\django\template\base.py", line 163, in _render
    return self.nodelist.render(context)
           ~~~~~~~~~~~~~~~~~~~~^^^^^^^^^
  File "C:\Users\ignac\AppData\Local\Programs\Python\Python313\Lib\site-packages\django\template\base.py", line 1016, in render
    return SafeString("".join([node.render_annotated(context) for node in self]))
                               ~~~~~~~~~~~~~~~~~~~~~^^^^^^^^^
  File "C:\Users\ignac\AppData\Local\Programs\Python\Python313\Lib\site-packages\django\template\base.py", line 977, in render_annotated
    return self.render(context)
           ~~~~~~~~~~~^^^^^^^^^
  File "C:\Users\ignac\AppData\Local\Programs\Python\Python313\Lib\site-packages\django\template\loader_tags.py", line 159, in render
    return compiled_parent._render(context)
           ~~~~~~~~~~~~~~~~~~~~~~~^^^^^^^^^
  File "C:\Users\ignac\AppData\Local\Programs\Python\Python313\Lib\site-packages\django\template\base.py", line 163, in _render
    return self.nodelist.render(context)
           ~~~~~~~~~~~~~~~~~~~~^^^^^^^^^
  File "C:\Users\ignac\AppData\Local\Programs\Python\Python313\Lib\site-packages\django\template\base.py", line 1016, in render
    return SafeString("".join([node.render_annotated(context) for node in self]))
                               ~~~~~~~~~~~~~~~~~~~~~^^^^^^^^^
  File "C:\Users\ignac\AppData\Local\Programs\Python\Python313\Lib\site-packages\django\template\base.py", line 977, in render_annotated
    return self.render(context)
           ~~~~~~~~~~~^^^^^^^^^
  File "C:\Users\ignac\AppData\Local\Programs\Python\Python313\Lib\site-packages\django\template\defaulttags.py", line 480, in render
    url = reverse(view_name, args=args, kwargs=kwargs, current_app=current_app)
  File "C:\Users\ignac\AppData\Local\Programs\Python\Python313\Lib\site-packages\django\urls\base.py", line 98, in reverse
    resolved_url = resolver._reverse_with_prefix(view, prefix, *args, **kwargs)
  File "C:\Users\ignac\AppData\Local\Programs\Python\Python313\Lib\site-packages\django\urls\resolvers.py", line 831, in _reverse_with_prefix
    raise NoReverseMatch(msg)
django.urls.exceptions.NoReverseMatch: Reverse for 'home' not found. 'home' is not a valid view function or pattern name.
ERROR 2025-06-20 16:01:49,863 basehttp 19196 12000 "GET / HTTP/1.1" 500 137055
INFO 2025-06-20 16:02:19,743 autoreload 19196 14596 C:\Users\ignac\OneDrive\Documentos\Django\NovaraRey\MainApp\views.py changed, reloading.
INFO 2025-06-20 16:02:22,172 autoreload 20740 4636 Watching for file changes with StatReloader
INFO 2025-06-20 16:03:06,363 autoreload 20740 4636 C:\Users\ignac\OneDrive\Documentos\Django\NovaraRey\NovaraRey\urls.py changed, reloading.
INFO 2025-06-20 16:03:07,981 autoreload 23020 23448 Watching for file changes with StatReloader
ERROR 2025-06-20 16:03:11,600 log 23020 16096 Internal Server Error: /
Traceback (most recent call last):
  File "C:\Users\ignac\AppData\Local\Programs\Python\Python313\Lib\site-packages\django\core\handlers\exception.py", line 55, in inner
    response = get_response(request)
  File "C:\Users\ignac\AppData\Local\Programs\Python\Python313\Lib\site-packages\django\core\handlers\base.py", line 197, in _get_response
    response = wrapped_callback(request, *callback_args, **callback_kwargs)
  File "C:\Users\ignac\OneDrive\Documentos\Django\novararey\MainApp\views.py", line 6, in vista_home
    return render(req, "MainApp/home.html", {"year": datetime.now().year})
  File "C:\Users\ignac\AppData\Local\Programs\Python\Python313\Lib\site-packages\django\shortcuts.py", line 25, in render
    content = loader.render_to_string(template_name, context, request, using=using)
  File "C:\Users\ignac\AppData\Local\Programs\Python\Python313\Lib\site-packages\django\template\loader.py", line 62, in render_to_string
    return template.render(context, request)
           ~~~~~~~~~~~~~~~^^^^^^^^^^^^^^^^^^
  File "C:\Users\ignac\AppData\Local\Programs\Python\Python313\Lib\site-packages\django\template\backends\django.py", line 107, in render
    return self.template.render(context)
           ~~~~~~~~~~~~~~~~~~~~^^^^^^^^^
  File "C:\Users\ignac\AppData\Local\Programs\Python\Python313\Lib\site-packages\django\template\base.py", line 171, in render
    return self._render(context)
           ~~~~~~~~~~~~^^^^^^^^^
  File "C:\Users\ignac\AppData\Local\Programs\Python\Python313\Lib\site-packages\django\template\base.py", line 163, in _render
    return self.nodelist.render(context)
           ~~~~~~~~~~~~~~~~~~~~^^^^^^^^^
  File "C:\Users\ignac\AppData\Local\Programs\Python\Python313\Lib\site-packages\django\template\base.py", line 1016, in render
    return SafeString("".join([node.render_annotated(context) for node in self]))
                               ~~~~~~~~~~~~~~~~~~~~~^^^^^^^^^
  File "C:\Users\ignac\AppData\Local\Programs\Python\Python313\Lib\site-packages\django\template\base.py", line 977, in render_annotated
    return self.render(context)
           ~~~~~~~~~~~^^^^^^^^^
  File "C:\Users\ignac\AppData\Local\Programs\Python\Python313\Lib\site-packages\django\template\loader_tags.py", line 159, in render
    return compiled_parent._render(context)
           ~~~~~~~~~~~~~~~~~~~~~~~^^^^^^^^^
  File "C:\Users\ignac\AppData\Local\Programs\Python\Python313\Lib\site-packages\django\template\base.py", line 163, in _render
    return self.nodelist.render(context)
           ~~~~~~~~~~~~~~~~~~~~^^^^^^^^^
  File "C:\Users\ignac\AppData\Local\Programs\Python\Python313\Lib\site-packages\django\template\base.py", line 1016, in render
    return SafeString("".join([node.render_annotated(context) for node in self]))
                               ~~~~~~~~~~~~~~~~~~~~~^^^^^^^^^
  File "C:\Users\ignac\AppData\Local\Programs\Python\Python313\Lib\site-packages\django\template\base.py", line 977, in render_annotated
    return self.render(context)
           ~~~~~~~~~~~^^^^^^^^^
  File "C:\Users\ignac\AppData\Local\Programs\Python\Python313\Lib\site-packages\django\template\defaulttags.py", line 480, in render
    url = reverse(view_name, args=args, kwargs=kwargs, current_app=current_app)
  File "C:\Users\ignac\AppData\Local\Programs\Python\Python313\Lib\site-packages\django\urls\base.py", line 98, in reverse
    resolved_url = resolver._reverse_with_prefix(view, prefix, *args, **kwargs)
  File "C:\Users\ignac\AppData\Local\Programs\Python\Python313\Lib\site-packages\django\urls\resolvers.py", line 831, in _reverse_with_prefix
    raise NoReverseMatch(msg)
django.urls.exceptions.NoReverseMatch: Reverse for 'home' not found. 'home' is not a valid view function or pattern name.
ERROR 2025-06-20 16:03:11,611 basehttp 23020 16096 "GET / HTTP/1.1" 500 137192
INFO 2025-06-20 16:03:29,761 autoreload 23020 23448 C:\Users\ignac\OneDrive\Documentos\Django\NovaraRey\MainApp\urls.py changed, reloading.
INFO 2025-06-20 16:03:30,749 autoreload 5904 14340 Watching for file changes with StatReloader
INFO 2025-06-20 16:03:33,494 basehttp 5904 23744 "GET / HTTP/1.1" 200 6257
INFO 2025-06-20 16:10:50,101 autoreload 5904 14340 C:\Users\ignac\OneDrive\Documentos\Django\NovaraRey\AseguradoraApp\models.py changed, reloading.
INFO 2025-06-20 16:10:52,271 autoreload 14728 12192 Watching for file changes with StatReloader
INFO 2025-06-20 16:11:06,919 autoreload 14728 12192 C:\Users\ignac\OneDrive\Documentos\Django\NovaraRey\AseguradoraApp\models.py changed, reloading.
INFO 2025-06-20 16:11:08,195 autoreload 26732 14384 Watching for file changes with StatReloader
INFO 2025-06-20 16:16:26,767 basehttp 26732 7300 "GET /aseguradoras/ HTTP/1.1" 200 18222
INFO 2025-06-20 16:16:53,182 basehttp 26732 7300 "GET /aseguradoras/ HTTP/1.1" 200 18222
INFO 2025-06-20 16:20:10,225 autoreload 26732 14384 C:\Users\ignac\OneDrive\Documentos\Django\NovaraRey\AuthApp\urls.py changed, reloading.
INFO 2025-06-20 16:20:12,152 autoreload 15648 14420 Watching for file changes with StatReloader
INFO 2025-06-20 16:20:27,993 autoreload 15648 14420 C:\Users\ignac\OneDrive\Documentos\Django\NovaraRey\AuthApp\urls.py changed, reloading.
INFO 2025-06-20 16:20:28,978 autoreload 20740 4636 Watching for file changes with StatReloader
INFO 2025-06-20 16:22:23,062 autoreload 20740 4636 C:\Users\ignac\OneDrive\Documentos\Django\NovaraRey\AuthApp\views.py changed, reloading.
INFO 2025-06-20 16:22:26,209 autoreload 6100 19340 Watching for file changes with StatReloader
INFO 2025-06-20 16:24:57,518 autoreload 6100 19340 C:\Users\ignac\OneDrive\Documentos\Django\NovaraRey\AuthApp\views.py changed, reloading.
INFO 2025-06-20 16:24:59,805 autoreload 7072 19520 Watching for file changes with StatReloader
INFO 2025-06-20 16:25:18,023 basehttp 7072 24800 "GET /login/logout/ HTTP/1.1" 302 0
INFO 2025-06-20 16:25:18,078 basehttp 7072 24800 "GET / HTTP/1.1" 200 6168
INFO 2025-06-20 16:25:23,384 basehttp 7072 24800 "GET /staff/ HTTP/1.1" 302 0
INFO 2025-06-20 16:25:23,692 basehttp 7072 24800 "GET /login/login/?next=/staff/ HTTP/1.1" 200 6526
INFO 2025-06-20 16:25:29,467 basehttp 7072 24800 "POST /login/login/?next=/staff/ HTTP/1.1" 302 0
INFO 2025-06-20 16:25:29,487 basehttp 7072 24800 "GET /staff/ HTTP/1.1" 302 0
INFO 2025-06-20 16:25:29,534 basehttp 7072 24800 "GET /staff/dashboard/ HTTP/1.1" 200 12935
WARNING 2025-06-20 16:25:29,605 basehttp 7072 24800 "GET /static/css/staff.css HTTP/1.1" 404 1853
INFO 2025-06-20 16:31:11,797 autoreload 7072 19520 C:\Users\ignac\OneDrive\Documentos\Django\NovaraRey\AuthApp\views.py changed, reloading.
INFO 2025-06-20 16:31:14,252 autoreload 27572 10888 Watching for file changes with StatReloader
INFO 2025-06-20 16:32:51,579 autoreload 27572 10888 C:\Users\ignac\OneDrive\Documentos\Django\NovaraRey\AuthApp\views.py changed, reloading.
INFO 2025-06-20 16:32:53,379 autoreload 5896 13732 Watching for file changes with StatReloader
INFO 2025-06-23 11:24:29,823 autoreload 5896 13732 C:\Users\ignac\OneDrive\Documentos\Django\NovaraRey\AseguradoraApp\models.py changed, reloading.
INFO 2025-06-23 11:24:34,644 autoreload 21932 2780 Watching for file changes with StatReloader
INFO 2025-06-23 11:25:09,336 basehttp 21932 13620 "GET /admin/ HTTP/1.1" 302 0
INFO 2025-06-23 11:25:10,852 basehttp 21932 13620 "GET /admin/login/?next=/admin/ HTTP/1.1" 200 4249
INFO 2025-06-23 11:25:11,232 basehttp 21932 13620 "GET /static/admin/css/base.css HTTP/1.1" 304 0
INFO 2025-06-23 11:25:11,272 basehttp 21932 27752 "GET /static/admin/js/theme.js HTTP/1.1" 304 0
INFO 2025-06-23 11:25:11,272 basehttp 21932 13620 "GET /static/admin/css/dark_mode.css HTTP/1.1" 304 0
INFO 2025-06-23 11:25:11,291 basehttp 21932 13620 "GET /static/admin/css/nav_sidebar.css HTTP/1.1" 304 0
INFO 2025-06-23 11:25:11,376 basehttp 21932 27752 "GET /static/admin/css/responsive.css HTTP/1.1" 304 0
INFO 2025-06-23 11:25:11,613 basehttp 21932 27752 "GET /static/admin/js/nav_sidebar.js HTTP/1.1" 304 0
INFO 2025-06-23 11:25:11,936 basehttp 21932 13620 "GET /static/admin/css/login.css HTTP/1.1" 200 951
INFO 2025-06-23 11:25:15,303 basehttp 21932 13620 "POST /admin/login/?next=/admin/ HTTP/1.1" 302 0
INFO 2025-06-23 11:25:17,618 basehttp 21932 13620 "GET /admin/ HTTP/1.1" 200 27882
INFO 2025-06-23 11:25:18,325 basehttp 21932 13620 "GET /static/admin/css/dashboard.css HTTP/1.1" 304 0
INFO 2025-06-23 11:25:18,413 basehttp 21932 13620 "GET /static/admin/img/icon-addlink.svg HTTP/1.1" 304 0
INFO 2025-06-23 11:25:18,413 basehttp 21932 27752 "GET /static/admin/img/icon-changelink.svg HTTP/1.1" 304 0
INFO 2025-06-23 11:25:18,421 basehttp 21932 27752 "GET /static/admin/img/icon-deletelink.svg HTTP/1.1" 304 0
INFO 2025-06-23 11:25:23,666 basehttp 21932 27752 "GET /admin/AseguradoraApp/cia/ HTTP/1.1" 200 26894
INFO 2025-06-23 11:25:23,704 basehttp 21932 27752 "GET /static/admin/css/changelists.css HTTP/1.1" 304 0
INFO 2025-06-23 11:25:23,719 basehttp 21932 27752 "GET /static/admin/js/vendor/jquery/jquery.js HTTP/1.1" 304 0
INFO 2025-06-23 11:25:23,727 basehttp 21932 27752 "GET /static/admin/js/jquery.init.js HTTP/1.1" 304 0
INFO 2025-06-23 11:25:23,731 basehttp 21932 27752 "GET /static/admin/js/core.js HTTP/1.1" 304 0
INFO 2025-06-23 11:25:23,734 basehttp 21932 27752 "GET /static/admin/js/actions.js HTTP/1.1" 304 0
INFO 2025-06-23 11:25:23,737 basehttp 21932 27752 "GET /static/admin/js/urlify.js HTTP/1.1" 304 0
INFO 2025-06-23 11:25:23,742 basehttp 21932 27752 "GET /static/admin/js/admin/RelatedObjectLookups.js HTTP/1.1" 304 0
INFO 2025-06-23 11:25:23,746 basehttp 21932 27752 "GET /static/admin/js/prepopulate.js HTTP/1.1" 304 0
INFO 2025-06-23 11:25:23,749 basehttp 21932 27752 "GET /static/admin/js/vendor/xregexp/xregexp.js HTTP/1.1" 304 0
INFO 2025-06-23 11:25:23,751 basehttp 21932 27752 "GET /static/admin/img/search.svg HTTP/1.1" 304 0
INFO 2025-06-23 11:25:23,767 basehttp 21932 27752 "GET /static/admin/js/filters.js HTTP/1.1" 304 0
INFO 2025-06-23 11:25:23,856 basehttp 21932 13620 "GET /admin/jsi18n/ HTTP/1.1" 200 9282
INFO 2025-06-23 11:25:23,918 basehttp 21932 13620 "GET /static/admin/img/tooltag-add.svg HTTP/1.1" 304 0
INFO 2025-06-23 11:25:23,944 basehttp 21932 13620 "GET /static/admin/img/sorting-icons.svg HTTP/1.1" 200 1097
INFO 2025-06-23 11:26:07,147 basehttp 21932 13620 "GET /admin/AseguradoraApp/cia/7/change/ HTTP/1.1" 200 29271
INFO 2025-06-23 11:26:07,421 basehttp 21932 13620 "GET /static/admin/css/forms.css HTTP/1.1" 304 0
INFO 2025-06-23 11:26:07,439 basehttp 21932 13620 "GET /static/admin/js/prepopulate_init.js HTTP/1.1" 304 0
INFO 2025-06-23 11:26:07,465 basehttp 21932 13620 "GET /static/admin/css/widgets.css HTTP/1.1" 304 0
INFO 2025-06-23 11:26:07,472 basehttp 21932 13620 "GET /static/admin/img/icon-viewlink.svg HTTP/1.1" 304 0
INFO 2025-06-23 11:26:07,481 basehttp 21932 13620 "GET /static/admin/js/change_form.js HTTP/1.1" 304 0
INFO 2025-06-23 11:26:07,484 basehttp 21932 27752 "GET /admin/jsi18n/ HTTP/1.1" 200 9282
INFO 2025-06-23 11:26:34,816 basehttp 21932 27752 "POST /admin/AseguradoraApp/cia/7/change/ HTTP/1.1" 302 0
INFO 2025-06-23 11:26:34,901 basehttp 21932 27752 "GET /admin/AseguradoraApp/cia/ HTTP/1.1" 200 27107
INFO 2025-06-23 11:26:35,006 basehttp 21932 27752 "GET /admin/jsi18n/ HTTP/1.1" 200 9282
INFO 2025-06-23 11:26:35,030 basehttp 21932 27752 "GET /static/admin/img/icon-yes.svg HTTP/1.1" 304 0
INFO 2025-06-23 11:26:37,891 basehttp 21932 27752 "GET /admin/AseguradoraApp/cia/5/change/ HTTP/1.1" 200 33225
INFO 2025-06-23 11:26:37,957 basehttp 21932 27752 "GET /admin/jsi18n/ HTTP/1.1" 200 9282
INFO 2025-06-23 11:27:10,505 basehttp 21932 27752 "POST /admin/AseguradoraApp/cia/5/change/ HTTP/1.1" 302 0
INFO 2025-06-23 11:27:10,614 basehttp 21932 27752 "GET /admin/AseguradoraApp/cia/ HTTP/1.1" 200 27131
INFO 2025-06-23 11:27:10,715 basehttp 21932 27752 "GET /admin/jsi18n/ HTTP/1.1" 200 9282
INFO 2025-06-23 11:27:12,762 basehttp 21932 27752 "GET /admin/AseguradoraApp/cia/6/change/ HTTP/1.1" 200 29299
INFO 2025-06-23 11:27:12,834 basehttp 21932 27752 "GET /admin/jsi18n/ HTTP/1.1" 200 9282
INFO 2025-06-23 11:27:33,261 basehttp 21932 27752 "POST /admin/AseguradoraApp/cia/6/change/ HTTP/1.1" 302 0
INFO 2025-06-23 11:27:33,315 basehttp 21932 27752 "GET /admin/AseguradoraApp/cia/ HTTP/1.1" 200 27123
INFO 2025-06-23 11:27:33,376 basehttp 21932 27752 "GET /admin/jsi18n/ HTTP/1.1" 200 9282
INFO 2025-06-23 11:27:38,606 basehttp 21932 27752 "GET /admin/AseguradoraApp/cia/2/change/ HTTP/1.1" 200 29369
INFO 2025-06-23 11:27:38,667 basehttp 21932 27752 "GET /admin/jsi18n/ HTTP/1.1" 200 9282
INFO 2025-06-23 11:27:56,105 basehttp 21932 27752 "POST /admin/AseguradoraApp/cia/2/change/ HTTP/1.1" 302 0
INFO 2025-06-23 11:27:56,154 basehttp 21932 27752 "GET /admin/AseguradoraApp/cia/ HTTP/1.1" 200 27134
INFO 2025-06-23 11:27:56,210 basehttp 21932 27752 "GET /admin/jsi18n/ HTTP/1.1" 200 9282
INFO 2025-06-23 11:27:58,903 basehttp 21932 27752 "GET /admin/AseguradoraApp/cia/3/change/ HTTP/1.1" 200 29315
INFO 2025-06-23 11:27:58,955 basehttp 21932 27752 "GET /admin/jsi18n/ HTTP/1.1" 200 9282
INFO 2025-06-23 11:28:19,503 basehttp 21932 27752 "POST /admin/AseguradoraApp/cia/3/change/ HTTP/1.1" 302 0
INFO 2025-06-23 11:28:19,573 basehttp 21932 27752 "GET /admin/AseguradoraApp/cia/ HTTP/1.1" 200 27123
INFO 2025-06-23 11:28:19,669 basehttp 21932 27752 "GET /admin/jsi18n/ HTTP/1.1" 200 9282
INFO 2025-06-23 11:28:22,414 basehttp 21932 27752 "GET /admin/AseguradoraApp/cia/4/change/ HTTP/1.1" 200 29272
INFO 2025-06-23 11:28:22,487 basehttp 21932 27752 "GET /admin/jsi18n/ HTTP/1.1" 200 9282
INFO 2025-06-23 11:28:39,750 basehttp 21932 27752 "POST /admin/AseguradoraApp/cia/4/change/ HTTP/1.1" 302 0
INFO 2025-06-23 11:28:39,800 basehttp 21932 27752 "GET /admin/AseguradoraApp/cia/ HTTP/1.1" 200 27118
INFO 2025-06-23 11:28:39,879 basehttp 21932 27752 "GET /admin/jsi18n/ HTTP/1.1" 200 9282
INFO 2025-06-23 11:28:42,851 basehttp 21932 27752 "GET /admin/AseguradoraApp/cia/1/change/ HTTP/1.1" 200 29707
INFO 2025-06-23 11:28:42,902 basehttp 21932 27752 "GET /admin/jsi18n/ HTTP/1.1" 200 9282
INFO 2025-06-23 11:29:03,345 basehttp 21932 27752 "POST /admin/AseguradoraApp/cia/1/change/ HTTP/1.1" 302 0
INFO 2025-06-23 11:29:03,402 basehttp 21932 27752 "GET /admin/AseguradoraApp/cia/ HTTP/1.1" 200 27139
INFO 2025-06-23 11:29:03,463 basehttp 21932 27752 "GET /admin/jsi18n/ HTTP/1.1" 200 9282
INFO 2025-06-23 11:29:32,524 autoreload 21932 2780 C:\Users\ignac\OneDrive\Documentos\Django\NovaraRey\AseguradoraApp\models.py changed, reloading.
INFO 2025-06-23 11:29:38,458 autoreload 14576 24228 Watching for file changes with StatReloader
INFO 2025-06-23 11:31:15,114 basehttp 14576 20156 "GET / HTTP/1.1" 200 6257
INFO 2025-06-23 11:31:15,533 basehttp 14576 20156 "GET /static/css/styles.css HTTP/1.1" 304 0
INFO 2025-06-23 11:31:15,550 basehttp 14576 20648 "GET /media/logos/Logo%20Membrete%20sin%20fondo%20mini.png HTTP/1.1" 304 0
INFO 2025-06-23 11:31:15,567 basehttp 14576 1188 "GET /media/logos/tuem%20sin%20fondo.png HTTP/1.1" 304 0
INFO 2025-06-23 11:31:15,615 basehttp 14576 1188 "GET /static/img/fondo%20encabezado.jpg HTTP/1.1" 304 0
INFO 2025-06-23 11:31:17,475 basehttp 14576 15256 "GET /staff/ HTTP/1.1" 302 0
INFO 2025-06-23 11:31:17,621 basehttp 14576 15256 "GET /staff/dashboard/ HTTP/1.1" 200 13555
WARNING 2025-06-23 11:31:17,764 basehttp 14576 15256 "GET /static/css/staff.css HTTP/1.1" 404 1853
INFO 2025-06-23 11:31:21,340 basehttp 14576 23316 "GET /staff/aseguradoras/ HTTP/1.1" 200 11105
ERROR 2025-06-23 11:31:23,719 log 14576 23316 Internal Server Error: /staff/aseguradoras/create/
Traceback (most recent call last):
  File "C:\Users\ignac\AppData\Local\Programs\Python\Python313\Lib\site-packages\django\core\handlers\exception.py", line 55, in inner
    response = get_response(request)
  File "C:\Users\ignac\AppData\Local\Programs\Python\Python313\Lib\site-packages\django\core\handlers\base.py", line 204, in _get_response
    self.check_response(response, callback)
    ~~~~~~~~~~~~~~~~~~~^^^^^^^^^^^^^^^^^^^^
  File "C:\Users\ignac\AppData\Local\Programs\Python\Python313\Lib\site-packages\django\core\handlers\base.py", line 332, in check_response
    raise ValueError(
    ...<2 lines>...
    )
ValueError: The view StaffApp.views.vista_aseguradoras_create didn't return an HttpResponse object. It returned None instead.
ERROR 2025-06-23 11:31:23,729 basehttp 14576 23316 "GET /staff/aseguradoras/create/ HTTP/1.1" 500 67282
INFO 2025-06-23 11:36:53,288 basehttp 14576 13540 "GET /admin/ HTTP/1.1" 200 28190
INFO 2025-06-23 11:36:57,906 basehttp 14576 13540 "GET /admin/AseguradoraApp/cia/ HTTP/1.1" 200 26894
INFO 2025-06-23 11:36:58,036 basehttp 14576 13540 "GET /admin/jsi18n/ HTTP/1.1" 200 9282
INFO 2025-06-23 11:37:00,375 basehttp 14576 13540 "GET /admin/AseguradoraApp/cia/add/ HTTP/1.1" 200 28861
INFO 2025-06-23 11:37:00,455 basehttp 14576 13540 "GET /admin/jsi18n/ HTTP/1.1" 200 9282
INFO 2025-06-23 11:38:01,735 autoreload 14576 24228 C:\Users\ignac\OneDrive\Documentos\Django\NovaraRey\StaffApp\views.py changed, reloading.
INFO 2025-06-23 11:38:03,894 autoreload 24468 9688 Watching for file changes with StatReloader
INFO 2025-06-23 11:38:11,644 basehttp 24468 13020 "GET / HTTP/1.1" 200 6257
INFO 2025-06-23 11:38:24,356 basehttp 24468 27796 "GET /staff/ HTTP/1.1" 302 0
INFO 2025-06-23 11:38:24,547 basehttp 24468 27796 "GET /staff/dashboard/ HTTP/1.1" 200 13555
WARNING 2025-06-23 11:38:25,047 basehttp 24468 27796 "GET /static/css/staff.css HTTP/1.1" 404 1853
INFO 2025-06-23 11:38:30,747 basehttp 24468 5748 "GET /staff/aseguradoras/ HTTP/1.1" 200 11105
INFO 2025-06-23 11:38:32,393 basehttp 24468 5748 "GET /staff/aseguradoras/create/ HTTP/1.1" 302 0
INFO 2025-06-23 11:38:32,766 basehttp 24468 5748 "GET /admin/AseguradoraApp/cia/add/ HTTP/1.1" 200 28861
INFO 2025-06-23 11:38:32,861 basehttp 24468 5748 "GET /admin/jsi18n/ HTTP/1.1" 200 9282
INFO 2025-06-23 11:38:37,348 basehttp 24468 5748 "GET /admin/EmisionesApp/poliza/2/change/ HTTP/1.1" 200 29684
INFO 2025-06-23 11:38:40,509 basehttp 24468 5748 "GET / HTTP/1.1" 200 6257
INFO 2025-06-23 11:38:45,119 autoreload 24468 9688 C:\Users\ignac\OneDrive\Documentos\Django\NovaraRey\StaffApp\views.py changed, reloading.
INFO 2025-06-23 11:38:47,203 autoreload 14216 26664 Watching for file changes with StatReloader
INFO 2025-06-23 11:39:54,033 autoreload 14216 26664 C:\Users\ignac\OneDrive\Documentos\Django\NovaraRey\EmisionesApp\models.py changed, reloading.
INFO 2025-06-23 11:39:56,382 autoreload 22392 26164 Watching for file changes with StatReloader
INFO 2025-06-23 11:50:23,565 autoreload 22392 26164 C:\Users\ignac\OneDrive\Documentos\Django\NovaraRey\EmisionesApp\models.py changed, reloading.
INFO 2025-06-23 11:50:26,677 autoreload 21620 14996 Watching for file changes with StatReloader
INFO 2025-06-23 11:59:34,969 autoreload 21620 14996 C:\Users\ignac\OneDrive\Documentos\Django\NovaraRey\EmisionesApp\models.py changed, reloading.
INFO 2025-06-23 11:59:37,134 autoreload 17588 13840 Watching for file changes with StatReloader
INFO 2025-06-23 12:02:47,367 autoreload 17588 13840 C:\Users\ignac\OneDrive\Documentos\Django\NovaraRey\EmisionesApp\views.py changed, reloading.
INFO 2025-06-23 12:02:50,269 autoreload 16880 23492 Watching for file changes with StatReloader
INFO 2025-06-23 12:30:26,050 autoreload 16880 23492 C:\Users\ignac\OneDrive\Documentos\Django\NovaraRey\EmisionesApp\models.py changed, reloading.
INFO 2025-06-23 12:30:28,496 autoreload 16076 6268 Watching for file changes with StatReloader
INFO 2025-06-23 12:33:49,615 autoreload 16076 6268 C:\Users\ignac\OneDrive\Documentos\Django\NovaraRey\EmisionesApp\models.py changed, reloading.
INFO 2025-06-23 12:33:52,000 autoreload 8920 21160 Watching for file changes with StatReloader
INFO 2025-06-23 12:36:02,927 autoreload 8920 21160 C:\Users\ignac\OneDrive\Documentos\Django\NovaraRey\EmisionesApp\urls.py changed, reloading.
INFO 2025-06-23 12:36:07,846 autoreload 28068 16380 Watching for file changes with StatReloader
INFO 2025-06-23 12:36:27,324 autoreload 28068 16380 C:\Users\ignac\OneDrive\Documentos\Django\NovaraRey\EmisionesApp\views.py changed, reloading.
INFO 2025-06-23 12:36:28,451 autoreload 27236 24860 Watching for file changes with StatReloader
INFO 2025-06-23 12:36:40,106 autoreload 27236 24860 C:\Users\ignac\OneDrive\Documentos\Django\NovaraRey\EmisionesApp\urls.py changed, reloading.
INFO 2025-06-23 12:36:42,531 autoreload 20448 14264 Watching for file changes with StatReloader
INFO 2025-06-23 12:36:50,011 basehttp 20448 20276 "GET /staff/ HTTP/1.1" 302 0
INFO 2025-06-23 12:36:50,191 basehttp 20448 20276 "GET /staff/dashboard/ HTTP/1.1" 200 13555
WARNING 2025-06-23 12:36:51,194 basehttp 20448 20276 "GET /static/css/staff.css HTTP/1.1" 404 1853
INFO 2025-06-23 12:36:54,610 basehttp 20448 6704 "GET /staff/emisiones/list HTTP/1.1" 200 18987
INFO 2025-06-23 12:37:20,156 autoreload 20448 14264 C:\Users\ignac\OneDrive\Documentos\Django\NovaraRey\EmisionesApp\urls.py changed, reloading.
INFO 2025-06-23 12:37:22,287 autoreload 8580 17652 Watching for file changes with StatReloader
INFO 2025-06-23 12:37:31,453 basehttp 8580 19796 "GET /staff/emisiones/verPoliza/1 HTTP/1.1" 301 0
WARNING 2025-06-23 12:37:31,507 log 8580 28276 Not Found: /staff/emisiones/verPoliza/1/
WARNING 2025-06-23 12:37:31,508 basehttp 8580 28276 "GET /staff/emisiones/verPoliza/1/ HTTP/1.1" 404 10185
INFO 2025-06-23 12:37:53,659 basehttp 8580 2716 "GET /admin/ HTTP/1.1" 200 28190
INFO 2025-06-23 12:37:58,418 basehttp 8580 15456 "GET /admin/EmisionesApp/poliza/ HTTP/1.1" 200 22865
INFO 2025-06-23 12:37:58,559 basehttp 8580 15456 "GET /admin/jsi18n/ HTTP/1.1" 200 9282
ERROR 2025-06-23 12:38:11,192 log 8580 5904 Internal Server Error: /staff/emisiones/verPoliza/2/
Traceback (most recent call last):
  File "C:\Users\ignac\AppData\Local\Programs\Python\Python313\Lib\site-packages\django\core\handlers\exception.py", line 55, in inner
    response = get_response(request)
  File "C:\Users\ignac\AppData\Local\Programs\Python\Python313\Lib\site-packages\django\core\handlers\base.py", line 197, in _get_response
    response = wrapped_callback(request, *callback_args, **callback_kwargs)
  File "C:\Users\ignac\AppData\Local\Programs\Python\Python313\Lib\site-packages\django\contrib\auth\decorators.py", line 59, in _view_wrapper
    return view_func(request, *args, **kwargs)
  File "C:\Users\ignac\OneDrive\Documentos\Django\novararey\EmisionesApp\views.py", line 256, in vista_ver_poliza
    return render(req, 'EmisionesApp/poliza_view.html', {
        'poliza': poliza,
        'endosos': endosos,
        'docs_emision'  : docs_emision,
    })
  File "C:\Users\ignac\AppData\Local\Programs\Python\Python313\Lib\site-packages\django\shortcuts.py", line 25, in render
    content = loader.render_to_string(template_name, context, request, using=using)
  File "C:\Users\ignac\AppData\Local\Programs\Python\Python313\Lib\site-packages\django\template\loader.py", line 62, in render_to_string
    return template.render(context, request)
           ~~~~~~~~~~~~~~~^^^^^^^^^^^^^^^^^^
  File "C:\Users\ignac\AppData\Local\Programs\Python\Python313\Lib\site-packages\django\template\backends\django.py", line 107, in render
    return self.template.render(context)
           ~~~~~~~~~~~~~~~~~~~~^^^^^^^^^
  File "C:\Users\ignac\AppData\Local\Programs\Python\Python313\Lib\site-packages\django\template\base.py", line 171, in render
    return self._render(context)
           ~~~~~~~~~~~~^^^^^^^^^
  File "C:\Users\ignac\AppData\Local\Programs\Python\Python313\Lib\site-packages\django\template\base.py", line 163, in _render
    return self.nodelist.render(context)
           ~~~~~~~~~~~~~~~~~~~~^^^^^^^^^
  File "C:\Users\ignac\AppData\Local\Programs\Python\Python313\Lib\site-packages\django\template\base.py", line 1016, in render
    return SafeString("".join([node.render_annotated(context) for node in self]))
                               ~~~~~~~~~~~~~~~~~~~~~^^^^^^^^^
  File "C:\Users\ignac\AppData\Local\Programs\Python\Python313\Lib\site-packages\django\template\base.py", line 977, in render_annotated
    return self.render(context)
           ~~~~~~~~~~~^^^^^^^^^
  File "C:\Users\ignac\AppData\Local\Programs\Python\Python313\Lib\site-packages\django\template\loader_tags.py", line 159, in render
    return compiled_parent._render(context)
           ~~~~~~~~~~~~~~~~~~~~~~~^^^^^^^^^
  File "C:\Users\ignac\AppData\Local\Programs\Python\Python313\Lib\site-packages\django\template\base.py", line 163, in _render
    return self.nodelist.render(context)
           ~~~~~~~~~~~~~~~~~~~~^^^^^^^^^
  File "C:\Users\ignac\AppData\Local\Programs\Python\Python313\Lib\site-packages\django\template\base.py", line 1016, in render
    return SafeString("".join([node.render_annotated(context) for node in self]))
                               ~~~~~~~~~~~~~~~~~~~~~^^^^^^^^^
  File "C:\Users\ignac\AppData\Local\Programs\Python\Python313\Lib\site-packages\django\template\base.py", line 977, in render_annotated
    return self.render(context)
           ~~~~~~~~~~~^^^^^^^^^
  File "C:\Users\ignac\AppData\Local\Programs\Python\Python313\Lib\site-packages\django\template\loader_tags.py", line 65, in render
    result = block.nodelist.render(context)
  File "C:\Users\ignac\AppData\Local\Programs\Python\Python313\Lib\site-packages\django\template\base.py", line 1016, in render
    return SafeString("".join([node.render_annotated(context) for node in self]))
                               ~~~~~~~~~~~~~~~~~~~~~^^^^^^^^^
  File "C:\Users\ignac\AppData\Local\Programs\Python\Python313\Lib\site-packages\django\template\base.py", line 977, in render_annotated
    return self.render(context)
           ~~~~~~~~~~~^^^^^^^^^
  File "C:\Users\ignac\AppData\Local\Programs\Python\Python313\Lib\site-packages\django\template\defaulttags.py", line 480, in render
    url = reverse(view_name, args=args, kwargs=kwargs, current_app=current_app)
  File "C:\Users\ignac\AppData\Local\Programs\Python\Python313\Lib\site-packages\django\urls\base.py", line 98, in reverse
    resolved_url = resolver._reverse_with_prefix(view, prefix, *args, **kwargs)
  File "C:\Users\ignac\AppData\Local\Programs\Python\Python313\Lib\site-packages\django\urls\resolvers.py", line 831, in _reverse_with_prefix
    raise NoReverseMatch(msg)
django.urls.exceptions.NoReverseMatch: Reverse for 'add_file_emision' with arguments '('',)' not found. 1 pattern(s) tried: ['staff/emisiones/edit/addfile/(?P<id>[0-9]+)\\Z']
ERROR 2025-06-23 12:38:11,212 basehttp 8580 5904 "GET /staff/emisiones/verPoliza/2/ HTTP/1.1" 500 169710
INFO 2025-06-23 12:38:38,465 basehttp 8580 15068 "GET /staff/emisiones/verPoliza/2/ HTTP/1.1" 200 10769
INFO 2025-06-23 12:39:37,792 basehttp 8580 19512 "GET /staff/emisiones/verPoliza/2/ HTTP/1.1" 200 10703
INFO 2025-06-23 12:41:18,289 basehttp 8580 25628 "GET /staff/emisiones/verPoliza/2/ HTTP/1.1" 200 10747
INFO 2025-06-23 12:42:16,021 autoreload 8580 17652 C:\Users\ignac\OneDrive\Documentos\Django\NovaraRey\EmisionesApp\models.py changed, reloading.
INFO 2025-06-23 12:42:26,086 autoreload 20108 26228 Watching for file changes with StatReloader
ERROR 2025-06-23 12:42:32,076 log 20108 9136 Internal Server Error: /staff/emisiones/verPoliza/2/
Traceback (most recent call last):
  File "C:\Users\ignac\AppData\Local\Programs\Python\Python313\Lib\site-packages\django\core\handlers\exception.py", line 55, in inner
    response = get_response(request)
  File "C:\Users\ignac\AppData\Local\Programs\Python\Python313\Lib\site-packages\django\core\handlers\base.py", line 197, in _get_response
    response = wrapped_callback(request, *callback_args, **callback_kwargs)
  File "C:\Users\ignac\AppData\Local\Programs\Python\Python313\Lib\site-packages\django\contrib\auth\decorators.py", line 59, in _view_wrapper
    return view_func(request, *args, **kwargs)
  File "C:\Users\ignac\OneDrive\Documentos\Django\novararey\EmisionesApp\views.py", line 256, in vista_ver_poliza
    return render(req, 'EmisionesApp/poliza_view.html', {
        'poliza': poliza,
        'endosos': endosos,
        'docs_emision'  : docs_emision,
    })
  File "C:\Users\ignac\AppData\Local\Programs\Python\Python313\Lib\site-packages\django\shortcuts.py", line 25, in render
    content = loader.render_to_string(template_name, context, request, using=using)
  File "C:\Users\ignac\AppData\Local\Programs\Python\Python313\Lib\site-packages\django\template\loader.py", line 62, in render_to_string
    return template.render(context, request)
           ~~~~~~~~~~~~~~~^^^^^^^^^^^^^^^^^^
  File "C:\Users\ignac\AppData\Local\Programs\Python\Python313\Lib\site-packages\django\template\backends\django.py", line 107, in render
    return self.template.render(context)
           ~~~~~~~~~~~~~~~~~~~~^^^^^^^^^
  File "C:\Users\ignac\AppData\Local\Programs\Python\Python313\Lib\site-packages\django\template\base.py", line 171, in render
    return self._render(context)
           ~~~~~~~~~~~~^^^^^^^^^
  File "C:\Users\ignac\AppData\Local\Programs\Python\Python313\Lib\site-packages\django\template\base.py", line 163, in _render
    return self.nodelist.render(context)
           ~~~~~~~~~~~~~~~~~~~~^^^^^^^^^
  File "C:\Users\ignac\AppData\Local\Programs\Python\Python313\Lib\site-packages\django\template\base.py", line 1016, in render
    return SafeString("".join([node.render_annotated(context) for node in self]))
                               ~~~~~~~~~~~~~~~~~~~~~^^^^^^^^^
  File "C:\Users\ignac\AppData\Local\Programs\Python\Python313\Lib\site-packages\django\template\base.py", line 977, in render_annotated
    return self.render(context)
           ~~~~~~~~~~~^^^^^^^^^
  File "C:\Users\ignac\AppData\Local\Programs\Python\Python313\Lib\site-packages\django\template\loader_tags.py", line 159, in render
    return compiled_parent._render(context)
           ~~~~~~~~~~~~~~~~~~~~~~~^^^^^^^^^
  File "C:\Users\ignac\AppData\Local\Programs\Python\Python313\Lib\site-packages\django\template\base.py", line 163, in _render
    return self.nodelist.render(context)
           ~~~~~~~~~~~~~~~~~~~~^^^^^^^^^
  File "C:\Users\ignac\AppData\Local\Programs\Python\Python313\Lib\site-packages\django\template\base.py", line 1016, in render
    return SafeString("".join([node.render_annotated(context) for node in self]))
                               ~~~~~~~~~~~~~~~~~~~~~^^^^^^^^^
  File "C:\Users\ignac\AppData\Local\Programs\Python\Python313\Lib\site-packages\django\template\base.py", line 977, in render_annotated
    return self.render(context)
           ~~~~~~~~~~~^^^^^^^^^
  File "C:\Users\ignac\AppData\Local\Programs\Python\Python313\Lib\site-packages\django\template\loader_tags.py", line 65, in render
    result = block.nodelist.render(context)
  File "C:\Users\ignac\AppData\Local\Programs\Python\Python313\Lib\site-packages\django\template\base.py", line 1016, in render
    return SafeString("".join([node.render_annotated(context) for node in self]))
                               ~~~~~~~~~~~~~~~~~~~~~^^^^^^^^^
  File "C:\Users\ignac\AppData\Local\Programs\Python\Python313\Lib\site-packages\django\template\base.py", line 977, in render_annotated
    return self.render(context)
           ~~~~~~~~~~~^^^^^^^^^
  File "C:\Users\ignac\AppData\Local\Programs\Python\Python313\Lib\site-packages\django\template\base.py", line 1075, in render
    output = self.filter_expression.resolve(context)
  File "C:\Users\ignac\AppData\Local\Programs\Python\Python313\Lib\site-packages\django\template\base.py", line 722, in resolve
    obj = self.var.resolve(context)
  File "C:\Users\ignac\AppData\Local\Programs\Python\Python313\Lib\site-packages\django\template\base.py", line 854, in resolve
    value = self._resolve_lookup(context)
  File "C:\Users\ignac\AppData\Local\Programs\Python\Python313\Lib\site-packages\django\template\base.py", line 925, in _resolve_lookup
    current = current()
  File "C:\Users\ignac\OneDrive\Documentos\Django\novararey\EmisionesApp\models.py", line 164, in get_status
    return self.PolizaStatus.VIGENTE.display()
           ^^^^^^^^^^^^^^^^^^^^^^^^^^^^^^^^^
AttributeError: 'PolizaStatus' object has no attribute 'display'
ERROR 2025-06-23 12:42:32,147 basehttp 20108 9136 "GET /staff/emisiones/verPoliza/2/ HTTP/1.1" 500 170042
INFO 2025-06-23 12:42:45,205 autoreload 20108 26228 C:\Users\ignac\OneDrive\Documentos\Django\NovaraRey\EmisionesApp\models.py changed, reloading.
INFO 2025-06-23 12:42:46,803 autoreload 6724 17952 Watching for file changes with StatReloader
ERROR 2025-06-23 12:42:48,591 log 6724 1944 Internal Server Error: /staff/emisiones/verPoliza/2/
Traceback (most recent call last):
  File "C:\Users\ignac\AppData\Local\Programs\Python\Python313\Lib\site-packages\django\core\handlers\exception.py", line 55, in inner
    response = get_response(request)
  File "C:\Users\ignac\AppData\Local\Programs\Python\Python313\Lib\site-packages\django\core\handlers\base.py", line 197, in _get_response
    response = wrapped_callback(request, *callback_args, **callback_kwargs)
  File "C:\Users\ignac\AppData\Local\Programs\Python\Python313\Lib\site-packages\django\contrib\auth\decorators.py", line 59, in _view_wrapper
    return view_func(request, *args, **kwargs)
  File "C:\Users\ignac\OneDrive\Documentos\Django\novararey\EmisionesApp\views.py", line 256, in vista_ver_poliza
    return render(req, 'EmisionesApp/poliza_view.html', {
        'poliza': poliza,
        'endosos': endosos,
        'docs_emision'  : docs_emision,
    })
  File "C:\Users\ignac\AppData\Local\Programs\Python\Python313\Lib\site-packages\django\shortcuts.py", line 25, in render
    content = loader.render_to_string(template_name, context, request, using=using)
  File "C:\Users\ignac\AppData\Local\Programs\Python\Python313\Lib\site-packages\django\template\loader.py", line 62, in render_to_string
    return template.render(context, request)
           ~~~~~~~~~~~~~~~^^^^^^^^^^^^^^^^^^
  File "C:\Users\ignac\AppData\Local\Programs\Python\Python313\Lib\site-packages\django\template\backends\django.py", line 107, in render
    return self.template.render(context)
           ~~~~~~~~~~~~~~~~~~~~^^^^^^^^^
  File "C:\Users\ignac\AppData\Local\Programs\Python\Python313\Lib\site-packages\django\template\base.py", line 171, in render
    return self._render(context)
           ~~~~~~~~~~~~^^^^^^^^^
  File "C:\Users\ignac\AppData\Local\Programs\Python\Python313\Lib\site-packages\django\template\base.py", line 163, in _render
    return self.nodelist.render(context)
           ~~~~~~~~~~~~~~~~~~~~^^^^^^^^^
  File "C:\Users\ignac\AppData\Local\Programs\Python\Python313\Lib\site-packages\django\template\base.py", line 1016, in render
    return SafeString("".join([node.render_annotated(context) for node in self]))
                               ~~~~~~~~~~~~~~~~~~~~~^^^^^^^^^
  File "C:\Users\ignac\AppData\Local\Programs\Python\Python313\Lib\site-packages\django\template\base.py", line 977, in render_annotated
    return self.render(context)
           ~~~~~~~~~~~^^^^^^^^^
  File "C:\Users\ignac\AppData\Local\Programs\Python\Python313\Lib\site-packages\django\template\loader_tags.py", line 159, in render
    return compiled_parent._render(context)
           ~~~~~~~~~~~~~~~~~~~~~~~^^^^^^^^^
  File "C:\Users\ignac\AppData\Local\Programs\Python\Python313\Lib\site-packages\django\template\base.py", line 163, in _render
    return self.nodelist.render(context)
           ~~~~~~~~~~~~~~~~~~~~^^^^^^^^^
  File "C:\Users\ignac\AppData\Local\Programs\Python\Python313\Lib\site-packages\django\template\base.py", line 1016, in render
    return SafeString("".join([node.render_annotated(context) for node in self]))
                               ~~~~~~~~~~~~~~~~~~~~~^^^^^^^^^
  File "C:\Users\ignac\AppData\Local\Programs\Python\Python313\Lib\site-packages\django\template\base.py", line 977, in render_annotated
    return self.render(context)
           ~~~~~~~~~~~^^^^^^^^^
  File "C:\Users\ignac\AppData\Local\Programs\Python\Python313\Lib\site-packages\django\template\loader_tags.py", line 65, in render
    result = block.nodelist.render(context)
  File "C:\Users\ignac\AppData\Local\Programs\Python\Python313\Lib\site-packages\django\template\base.py", line 1016, in render
    return SafeString("".join([node.render_annotated(context) for node in self]))
                               ~~~~~~~~~~~~~~~~~~~~~^^^^^^^^^
  File "C:\Users\ignac\AppData\Local\Programs\Python\Python313\Lib\site-packages\django\template\base.py", line 977, in render_annotated
    return self.render(context)
           ~~~~~~~~~~~^^^^^^^^^
  File "C:\Users\ignac\AppData\Local\Programs\Python\Python313\Lib\site-packages\django\template\base.py", line 1075, in render
    output = self.filter_expression.resolve(context)
  File "C:\Users\ignac\AppData\Local\Programs\Python\Python313\Lib\site-packages\django\template\base.py", line 722, in resolve
    obj = self.var.resolve(context)
  File "C:\Users\ignac\AppData\Local\Programs\Python\Python313\Lib\site-packages\django\template\base.py", line 854, in resolve
    value = self._resolve_lookup(context)
  File "C:\Users\ignac\AppData\Local\Programs\Python\Python313\Lib\site-packages\django\template\base.py", line 925, in _resolve_lookup
    current = current()
  File "C:\Users\ignac\OneDrive\Documentos\Django\novararey\EmisionesApp\models.py", line 164, in get_status
    return self.PolizaStatus.VIGENTE.display
           ^^^^^^^^^^^^^^^^^^^^^^^^^^^^^^^^^
AttributeError: 'PolizaStatus' object has no attribute 'display'
ERROR 2025-06-23 12:42:48,602 basehttp 6724 1944 "GET /staff/emisiones/verPoliza/2/ HTTP/1.1" 500 170038
INFO 2025-06-23 12:48:03,603 autoreload 6724 17952 C:\Users\ignac\OneDrive\Documentos\Django\NovaraRey\EmisionesApp\models.py changed, reloading.
INFO 2025-06-23 12:48:12,774 autoreload 14264 8540 Watching for file changes with StatReloader
INFO 2025-06-23 12:48:14,993 basehttp 14264 14012 "GET /staff/emisiones/verPoliza/2/ HTTP/1.1" 200 10753
INFO 2025-06-23 12:48:54,346 basehttp 14264 14012 "GET /staff/emisiones/verPoliza/2/ HTTP/1.1" 200 10760
INFO 2025-06-23 12:50:19,330 basehttp 14264 14012 "GET /staff/emisiones/verPoliza/2/ HTTP/1.1" 200 10806
INFO 2025-06-23 12:52:19,151 basehttp 14264 14012 "GET /staff/emisiones/verPoliza/2/ HTTP/1.1" 200 10857
ERROR 2025-06-23 12:56:11,403 log 14264 14012 Internal Server Error: /staff/emisiones/verPoliza/2/
Traceback (most recent call last):
  File "C:\Users\ignac\AppData\Local\Programs\Python\Python313\Lib\site-packages\django\template\base.py", line 510, in parse
    compile_func = self.tags[command]
                   ~~~~~~~~~^^^^^^^^^
KeyError: 'else'

During handling of the above exception, another exception occurred:

Traceback (most recent call last):
  File "C:\Users\ignac\AppData\Local\Programs\Python\Python313\Lib\site-packages\django\core\handlers\exception.py", line 55, in inner
    response = get_response(request)
  File "C:\Users\ignac\AppData\Local\Programs\Python\Python313\Lib\site-packages\django\core\handlers\base.py", line 197, in _get_response
    response = wrapped_callback(request, *callback_args, **callback_kwargs)
  File "C:\Users\ignac\AppData\Local\Programs\Python\Python313\Lib\site-packages\django\contrib\auth\decorators.py", line 59, in _view_wrapper
    return view_func(request, *args, **kwargs)
  File "C:\Users\ignac\OneDrive\Documentos\Django\novararey\EmisionesApp\views.py", line 256, in vista_ver_poliza
    return render(req, 'EmisionesApp/poliza_view.html', {
        'poliza': poliza,
        'endosos': endosos,
        'docs_emision'  : docs_emision,
    })
  File "C:\Users\ignac\AppData\Local\Programs\Python\Python313\Lib\site-packages\django\shortcuts.py", line 25, in render
    content = loader.render_to_string(template_name, context, request, using=using)
  File "C:\Users\ignac\AppData\Local\Programs\Python\Python313\Lib\site-packages\django\template\loader.py", line 61, in render_to_string
    template = get_template(template_name, using=using)
  File "C:\Users\ignac\AppData\Local\Programs\Python\Python313\Lib\site-packages\django\template\loader.py", line 15, in get_template
    return engine.get_template(template_name)
           ~~~~~~~~~~~~~~~~~~~^^^^^^^^^^^^^^^
  File "C:\Users\ignac\AppData\Local\Programs\Python\Python313\Lib\site-packages\django\template\backends\django.py", line 79, in get_template
    return Template(self.engine.get_template(template_name), self)
                    ~~~~~~~~~~~~~~~~~~~~~~~~^^^^^^^^^^^^^^^
  File "C:\Users\ignac\AppData\Local\Programs\Python\Python313\Lib\site-packages\django\template\engine.py", line 177, in get_template
    template, origin = self.find_template(template_name)
                       ~~~~~~~~~~~~~~~~~~^^^^^^^^^^^^^^^
  File "C:\Users\ignac\AppData\Local\Programs\Python\Python313\Lib\site-packages\django\template\engine.py", line 159, in find_template
    template = loader.get_template(name, skip=skip)
  File "C:\Users\ignac\AppData\Local\Programs\Python\Python313\Lib\site-packages\django\template\loaders\cached.py", line 57, in get_template
    template = super().get_template(template_name, skip)
  File "C:\Users\ignac\AppData\Local\Programs\Python\Python313\Lib\site-packages\django\template\loaders\base.py", line 28, in get_template
    return Template(
        contents,
    ...<2 lines>...
        self.engine,
    )
  File "C:\Users\ignac\AppData\Local\Programs\Python\Python313\Lib\site-packages\django\template\base.py", line 154, in __init__
    self.nodelist = self.compile_nodelist()
                    ~~~~~~~~~~~~~~~~~~~~~^^
  File "C:\Users\ignac\AppData\Local\Programs\Python\Python313\Lib\site-packages\django\template\base.py", line 196, in compile_nodelist
    nodelist = parser.parse()
  File "C:\Users\ignac\AppData\Local\Programs\Python\Python313\Lib\site-packages\django\template\base.py", line 518, in parse
    raise self.error(token, e)
  File "C:\Users\ignac\AppData\Local\Programs\Python\Python313\Lib\site-packages\django\template\base.py", line 516, in parse
    compiled_result = compile_func(self, token)
  File "C:\Users\ignac\AppData\Local\Programs\Python\Python313\Lib\site-packages\django\template\loader_tags.py", line 299, in do_extends
    nodelist = parser.parse()
  File "C:\Users\ignac\AppData\Local\Programs\Python\Python313\Lib\site-packages\django\template\base.py", line 518, in parse
    raise self.error(token, e)
  File "C:\Users\ignac\AppData\Local\Programs\Python\Python313\Lib\site-packages\django\template\base.py", line 516, in parse
    compiled_result = compile_func(self, token)
  File "C:\Users\ignac\AppData\Local\Programs\Python\Python313\Lib\site-packages\django\template\loader_tags.py", line 234, in do_block
    nodelist = parser.parse(("endblock",))
  File "C:\Users\ignac\AppData\Local\Programs\Python\Python313\Lib\site-packages\django\template\base.py", line 512, in parse
    self.invalid_block_tag(token, command, parse_until)
    ~~~~~~~~~~~~~~~~~~~~~~^^^^^^^^^^^^^^^^^^^^^^^^^^^^^
  File "C:\Users\ignac\AppData\Local\Programs\Python\Python313\Lib\site-packages\django\template\base.py", line 567, in invalid_block_tag
    raise self.error(
    ...<8 lines>...
    )
django.template.exceptions.TemplateSyntaxError: Invalid block tag on line 23: 'else', expected 'endblock'. Did you forget to register or load this tag?
ERROR 2025-06-23 12:56:11,477 basehttp 14264 14012 "GET /staff/emisiones/verPoliza/2/ HTTP/1.1" 500 212020
INFO 2025-06-23 12:56:44,851 basehttp 14264 14012 "GET /staff/emisiones/verPoliza/2/ HTTP/1.1" 200 10912
INFO 2025-06-23 12:59:31,051 basehttp 14264 14012 "GET /staff/emisiones/verPoliza/2/ HTTP/1.1" 200 10977
INFO 2025-06-23 13:01:01,815 basehttp 14264 14012 "GET /staff/emisiones/verPoliza/2/ HTTP/1.1" 200 10984
INFO 2025-06-23 13:09:44,491 autoreload 14264 8540 C:\Users\ignac\OneDrive\Documentos\Django\NovaraRey\EmisionesApp\models.py changed, reloading.
INFO 2025-06-23 13:09:49,609 autoreload 20232 21072 Watching for file changes with StatReloader
INFO 2025-06-23 13:11:25,456 basehttp 20232 23444 "GET /staff/emisiones/verPoliza/2/ HTTP/1.1" 200 11949
INFO 2025-06-23 13:12:38,557 basehttp 20232 18444 "GET /staff/emisiones/verPoliza/2/ HTTP/1.1" 200 11988
INFO 2025-06-23 13:12:52,065 basehttp 20232 27092 "GET /staff/emisiones/verPoliza/2/ HTTP/1.1" 200 11994
INFO 2025-06-23 13:19:19,783 basehttp 20232 23356 "GET /staff/emisiones/verPoliza/2/ HTTP/1.1" 200 11937
INFO 2025-06-23 13:20:13,442 basehttp 20232 18768 "GET /staff/emisiones/verPoliza/2/ HTTP/1.1" 200 11941
INFO 2025-06-23 13:21:37,559 basehttp 20232 18768 "GET /staff/emisiones/verPoliza/2/ HTTP/1.1" 200 11899
INFO 2025-06-23 13:22:28,272 basehttp 20232 18768 "GET /staff/emisiones/verPoliza/2/ HTTP/1.1" 200 11937
INFO 2025-06-23 14:00:11,476 basehttp 20232 19464 "GET /media/filesEmisiones/Captura_de_pantalla_2025-06-04_151459_9W2duUO.png HTTP/1.1" 304 0
INFO 2025-06-23 14:04:16,589 basehttp 20232 26920 "GET /staff/emisiones/verPoliza/2/ HTTP/1.1" 200 12168
INFO 2025-06-23 14:04:51,070 basehttp 20232 21696 "GET /staff/emisiones/verPoliza/2/ HTTP/1.1" 200 12197
INFO 2025-06-23 14:06:04,253 basehttp 20232 6984 "GET /staff/emisiones/verPoliza/2/ HTTP/1.1" 200 12428
INFO 2025-06-23 14:08:27,629 basehttp 20232 15188 "GET /staff/emisiones/verPoliza/2/ HTTP/1.1" 200 12819
INFO 2025-06-23 14:09:28,320 basehttp 20232 24112 "GET /staff/emisiones/verPoliza/2/ HTTP/1.1" 200 12428
ERROR 2025-06-23 14:37:07,844 log 20232 7548 Internal Server Error: /staff/emisiones/verPoliza/2/
Traceback (most recent call last):
  File "C:\Users\ignac\AppData\Local\Programs\Python\Python313\Lib\site-packages\django\core\handlers\exception.py", line 55, in inner
    response = get_response(request)
  File "C:\Users\ignac\AppData\Local\Programs\Python\Python313\Lib\site-packages\django\core\handlers\base.py", line 197, in _get_response
    response = wrapped_callback(request, *callback_args, **callback_kwargs)
  File "C:\Users\ignac\AppData\Local\Programs\Python\Python313\Lib\site-packages\django\contrib\auth\decorators.py", line 59, in _view_wrapper
    return view_func(request, *args, **kwargs)
  File "C:\Users\ignac\OneDrive\Documentos\Django\novararey\EmisionesApp\views.py", line 256, in vista_ver_poliza
    return render(req, 'EmisionesApp/poliza_view.html', {
        'poliza': poliza,
        'endosos': endosos,
        'docs_emision'  : docs_emision,
    })
  File "C:\Users\ignac\AppData\Local\Programs\Python\Python313\Lib\site-packages\django\shortcuts.py", line 25, in render
    content = loader.render_to_string(template_name, context, request, using=using)
  File "C:\Users\ignac\AppData\Local\Programs\Python\Python313\Lib\site-packages\django\template\loader.py", line 61, in render_to_string
    template = get_template(template_name, using=using)
  File "C:\Users\ignac\AppData\Local\Programs\Python\Python313\Lib\site-packages\django\template\loader.py", line 15, in get_template
    return engine.get_template(template_name)
           ~~~~~~~~~~~~~~~~~~~^^^^^^^^^^^^^^^
  File "C:\Users\ignac\AppData\Local\Programs\Python\Python313\Lib\site-packages\django\template\backends\django.py", line 79, in get_template
    return Template(self.engine.get_template(template_name), self)
                    ~~~~~~~~~~~~~~~~~~~~~~~~^^^^^^^^^^^^^^^
  File "C:\Users\ignac\AppData\Local\Programs\Python\Python313\Lib\site-packages\django\template\engine.py", line 177, in get_template
    template, origin = self.find_template(template_name)
                       ~~~~~~~~~~~~~~~~~~^^^^^^^^^^^^^^^
  File "C:\Users\ignac\AppData\Local\Programs\Python\Python313\Lib\site-packages\django\template\engine.py", line 159, in find_template
    template = loader.get_template(name, skip=skip)
  File "C:\Users\ignac\AppData\Local\Programs\Python\Python313\Lib\site-packages\django\template\loaders\cached.py", line 57, in get_template
    template = super().get_template(template_name, skip)
  File "C:\Users\ignac\AppData\Local\Programs\Python\Python313\Lib\site-packages\django\template\loaders\base.py", line 28, in get_template
    return Template(
        contents,
    ...<2 lines>...
        self.engine,
    )
  File "C:\Users\ignac\AppData\Local\Programs\Python\Python313\Lib\site-packages\django\template\base.py", line 154, in __init__
    self.nodelist = self.compile_nodelist()
                    ~~~~~~~~~~~~~~~~~~~~~^^
  File "C:\Users\ignac\AppData\Local\Programs\Python\Python313\Lib\site-packages\django\template\base.py", line 196, in compile_nodelist
    nodelist = parser.parse()
  File "C:\Users\ignac\AppData\Local\Programs\Python\Python313\Lib\site-packages\django\template\base.py", line 518, in parse
    raise self.error(token, e)
  File "C:\Users\ignac\AppData\Local\Programs\Python\Python313\Lib\site-packages\django\template\base.py", line 516, in parse
    compiled_result = compile_func(self, token)
  File "C:\Users\ignac\AppData\Local\Programs\Python\Python313\Lib\site-packages\django\template\loader_tags.py", line 299, in do_extends
    nodelist = parser.parse()
  File "C:\Users\ignac\AppData\Local\Programs\Python\Python313\Lib\site-packages\django\template\base.py", line 518, in parse
    raise self.error(token, e)
  File "C:\Users\ignac\AppData\Local\Programs\Python\Python313\Lib\site-packages\django\template\base.py", line 516, in parse
    compiled_result = compile_func(self, token)
  File "C:\Users\ignac\AppData\Local\Programs\Python\Python313\Lib\site-packages\django\template\loader_tags.py", line 234, in do_block
    nodelist = parser.parse(("endblock",))
  File "C:\Users\ignac\AppData\Local\Programs\Python\Python313\Lib\site-packages\django\template\base.py", line 518, in parse
    raise self.error(token, e)
  File "C:\Users\ignac\AppData\Local\Programs\Python\Python313\Lib\site-packages\django\template\base.py", line 516, in parse
    compiled_result = compile_func(self, token)
  File "C:\Users\ignac\AppData\Local\Programs\Python\Python313\Lib\site-packages\django\template\defaulttags.py", line 862, in do_for
    nodelist_loop = parser.parse(
        (
    ...<2 lines>...
        )
    )
  File "C:\Users\ignac\AppData\Local\Programs\Python\Python313\Lib\site-packages\django\template\base.py", line 489, in parse
    raise self.error(token, e)
  File "C:\Users\ignac\AppData\Local\Programs\Python\Python313\Lib\site-packages\django\template\base.py", line 487, in parse
    filter_expression = self.compile_filter(token.contents)
  File "C:\Users\ignac\AppData\Local\Programs\Python\Python313\Lib\site-packages\django\template\base.py", line 609, in compile_filter
    return FilterExpression(token, self)
  File "C:\Users\ignac\AppData\Local\Programs\Python\Python313\Lib\site-packages\django\template\base.py", line 710, in __init__
    raise TemplateSyntaxError(
    ...<2 lines>...
    )
django.template.exceptions.TemplateSyntaxError: Could not parse the remainder: ':'Y-m-d' from 'end.vigencia_desde|date:'Y-m-d'
ERROR 2025-06-23 14:37:07,968 basehttp 20232 7548 "GET /staff/emisiones/verPoliza/2/ HTTP/1.1" 500 257423
ERROR 2025-06-23 14:37:59,092 log 20232 22724 Internal Server Error: /staff/emisiones/verPoliza/2/
Traceback (most recent call last):
  File "C:\Users\ignac\AppData\Local\Programs\Python\Python313\Lib\site-packages\django\core\handlers\exception.py", line 55, in inner
    response = get_response(request)
  File "C:\Users\ignac\AppData\Local\Programs\Python\Python313\Lib\site-packages\django\core\handlers\base.py", line 197, in _get_response
    response = wrapped_callback(request, *callback_args, **callback_kwargs)
  File "C:\Users\ignac\AppData\Local\Programs\Python\Python313\Lib\site-packages\django\contrib\auth\decorators.py", line 59, in _view_wrapper
    return view_func(request, *args, **kwargs)
  File "C:\Users\ignac\OneDrive\Documentos\Django\novararey\EmisionesApp\views.py", line 256, in vista_ver_poliza
    return render(req, 'EmisionesApp/poliza_view.html', {
        'poliza': poliza,
        'endosos': endosos,
        'docs_emision'  : docs_emision,
    })
  File "C:\Users\ignac\AppData\Local\Programs\Python\Python313\Lib\site-packages\django\shortcuts.py", line 25, in render
    content = loader.render_to_string(template_name, context, request, using=using)
  File "C:\Users\ignac\AppData\Local\Programs\Python\Python313\Lib\site-packages\django\template\loader.py", line 62, in render_to_string
    return template.render(context, request)
           ~~~~~~~~~~~~~~~^^^^^^^^^^^^^^^^^^
  File "C:\Users\ignac\AppData\Local\Programs\Python\Python313\Lib\site-packages\django\template\backends\django.py", line 107, in render
    return self.template.render(context)
           ~~~~~~~~~~~~~~~~~~~~^^^^^^^^^
  File "C:\Users\ignac\AppData\Local\Programs\Python\Python313\Lib\site-packages\django\template\base.py", line 171, in render
    return self._render(context)
           ~~~~~~~~~~~~^^^^^^^^^
  File "C:\Users\ignac\AppData\Local\Programs\Python\Python313\Lib\site-packages\django\template\base.py", line 163, in _render
    return self.nodelist.render(context)
           ~~~~~~~~~~~~~~~~~~~~^^^^^^^^^
  File "C:\Users\ignac\AppData\Local\Programs\Python\Python313\Lib\site-packages\django\template\base.py", line 1016, in render
    return SafeString("".join([node.render_annotated(context) for node in self]))
                               ~~~~~~~~~~~~~~~~~~~~~^^^^^^^^^
  File "C:\Users\ignac\AppData\Local\Programs\Python\Python313\Lib\site-packages\django\template\base.py", line 977, in render_annotated
    return self.render(context)
           ~~~~~~~~~~~^^^^^^^^^
  File "C:\Users\ignac\AppData\Local\Programs\Python\Python313\Lib\site-packages\django\template\loader_tags.py", line 159, in render
    return compiled_parent._render(context)
           ~~~~~~~~~~~~~~~~~~~~~~~^^^^^^^^^
  File "C:\Users\ignac\AppData\Local\Programs\Python\Python313\Lib\site-packages\django\template\base.py", line 163, in _render
    return self.nodelist.render(context)
           ~~~~~~~~~~~~~~~~~~~~^^^^^^^^^
  File "C:\Users\ignac\AppData\Local\Programs\Python\Python313\Lib\site-packages\django\template\base.py", line 1016, in render
    return SafeString("".join([node.render_annotated(context) for node in self]))
                               ~~~~~~~~~~~~~~~~~~~~~^^^^^^^^^
  File "C:\Users\ignac\AppData\Local\Programs\Python\Python313\Lib\site-packages\django\template\base.py", line 977, in render_annotated
    return self.render(context)
           ~~~~~~~~~~~^^^^^^^^^
  File "C:\Users\ignac\AppData\Local\Programs\Python\Python313\Lib\site-packages\django\template\loader_tags.py", line 65, in render
    result = block.nodelist.render(context)
  File "C:\Users\ignac\AppData\Local\Programs\Python\Python313\Lib\site-packages\django\template\base.py", line 1016, in render
    return SafeString("".join([node.render_annotated(context) for node in self]))
                               ~~~~~~~~~~~~~~~~~~~~~^^^^^^^^^
  File "C:\Users\ignac\AppData\Local\Programs\Python\Python313\Lib\site-packages\django\template\base.py", line 977, in render_annotated
    return self.render(context)
           ~~~~~~~~~~~^^^^^^^^^
  File "C:\Users\ignac\AppData\Local\Programs\Python\Python313\Lib\site-packages\django\template\defaulttags.py", line 480, in render
    url = reverse(view_name, args=args, kwargs=kwargs, current_app=current_app)
  File "C:\Users\ignac\AppData\Local\Programs\Python\Python313\Lib\site-packages\django\urls\base.py", line 98, in reverse
    resolved_url = resolver._reverse_with_prefix(view, prefix, *args, **kwargs)
  File "C:\Users\ignac\AppData\Local\Programs\Python\Python313\Lib\site-packages\django\urls\resolvers.py", line 831, in _reverse_with_prefix
    raise NoReverseMatch(msg)
django.urls.exceptions.NoReverseMatch: Reverse for 'edit_endoso' not found. 'edit_endoso' is not a valid view function or pattern name.
ERROR 2025-06-23 14:37:59,121 basehttp 20232 22724 "GET /staff/emisiones/verPoliza/2/ HTTP/1.1" 500 169068
INFO 2025-06-23 14:38:15,895 autoreload 20232 21072 C:\Users\ignac\OneDrive\Documentos\Django\NovaraRey\EmisionesApp\urls.py changed, reloading.
INFO 2025-06-23 14:38:18,243 autoreload 7100 25360 Watching for file changes with StatReloader
INFO 2025-06-23 14:39:25,654 autoreload 7100 25360 C:\Users\ignac\OneDrive\Documentos\Django\NovaraRey\EmisionesApp\views.py changed, reloading.
INFO 2025-06-23 14:39:27,353 autoreload 22580 11796 Watching for file changes with StatReloader
INFO 2025-06-23 14:39:31,471 basehttp 22580 25324 "GET /staff/emisiones/verPoliza/2/ HTTP/1.1" 200 16676
INFO 2025-06-23 14:41:29,004 basehttp 22580 17052 "GET /staff/emisiones/verPoliza/2/ HTTP/1.1" 200 16710
INFO 2025-06-23 14:42:23,420 basehttp 22580 17052 "GET /staff/emisiones/verPoliza/2/ HTTP/1.1" 200 16746
INFO 2025-06-23 14:42:56,717 basehttp 22580 17052 "POST /staff/emisiones/editEndoso/1/ HTTP/1.1" 302 0
INFO 2025-06-23 14:42:57,036 basehttp 22580 17052 "GET /staff/emisiones/verPoliza/2/ HTTP/1.1" 200 16748
INFO 2025-06-23 14:47:38,530 basehttp 22580 11312 "GET /staff/emisiones/verPoliza/2/ HTTP/1.1" 200 16994
INFO 2025-06-23 14:55:31,395 basehttp 22580 14848 "GET /staff/emisiones/verPoliza/2/ HTTP/1.1" 200 18189
INFO 2025-06-23 14:56:27,544 basehttp 22580 14848 "GET /staff/emisiones/verPoliza/2/ HTTP/1.1" 200 18144
INFO 2025-06-23 15:00:46,534 autoreload 22580 11796 C:\Users\ignac\OneDrive\Documentos\Django\NovaraRey\EmisionesApp\urls.py changed, reloading.
INFO 2025-06-23 15:00:49,781 autoreload 22040 7724 Watching for file changes with StatReloader
INFO 2025-06-23 15:01:50,880 autoreload 22040 7724 C:\Users\ignac\OneDrive\Documentos\Django\NovaraRey\EmisionesApp\views.py changed, reloading.
INFO 2025-06-23 15:01:54,881 autoreload 25344 13432 Watching for file changes with StatReloader
INFO 2025-06-23 15:13:09,116 basehttp 25344 26084 "GET /staff/emisiones/verPoliza/2/ HTTP/1.1" 200 18001
INFO 2025-06-23 15:13:16,306 basehttp 25344 18884 "GET /staff/emisiones/delendoso/1 HTTP/1.1" 301 0
INFO 2025-06-23 15:13:16,357 basehttp 25344 7380 "GET /staff/emisiones/delendoso/1/ HTTP/1.1" 302 0
INFO 2025-06-23 15:13:16,421 basehttp 25344 7380 "GET /staff/emisiones/verPoliza/2/ HTTP/1.1" 200 18017
INFO 2025-06-23 15:29:36,988 basehttp 25344 6304 "GET /staff/emisiones/verPoliza/2/ HTTP/1.1" 200 18173
INFO 2025-06-23 15:32:45,008 basehttp 25344 18496 "GET /staff/emisiones/verPoliza/2/ HTTP/1.1" 200 18225
INFO 2025-06-23 15:33:26,284 basehttp 25344 11244 "GET /staff/emisiones/verPoliza/2/ HTTP/1.1" 200 17621
INFO 2025-06-23 15:33:47,106 basehttp 25344 24452 "GET /staff/emisiones/verPoliza/2/ HTTP/1.1" 200 17621
INFO 2025-06-23 19:32:22,399 basehttp 25344 8428 "GET /staff/emisiones/verPoliza/2/ HTTP/1.1" 302 0
INFO 2025-06-23 19:32:22,636 basehttp 25344 8428 "GET /login/login/?next=/staff/emisiones/verPoliza/2/ HTTP/1.1" 200 6804
INFO 2025-06-23 19:32:53,626 basehttp 25344 27556 "POST /login/login/?next=/staff/emisiones/verPoliza/2/ HTTP/1.1" 200 7080
INFO 2025-06-23 19:33:08,192 basehttp 25344 17204 "POST /login/login/?next=/staff/emisiones/verPoliza/2/ HTTP/1.1" 302 0
INFO 2025-06-23 19:33:08,340 basehttp 25344 17204 "GET /staff/emisiones/verPoliza/2/ HTTP/1.1" 200 17750
INFO 2025-06-23 19:36:26,241 autoreload 25344 13432 C:\Users\ignac\OneDrive\Documentos\Django\NovaraRey\EmisionesApp\views.py changed, reloading.
INFO 2025-06-23 19:36:28,974 autoreload 8048 8592 Watching for file changes with StatReloader
INFO 2025-06-23 19:37:32,974 autoreload 8048 8592 C:\Users\ignac\OneDrive\Documentos\Django\NovaraRey\EmisionesApp\views.py changed, reloading.
INFO 2025-06-23 19:40:45,543 autoreload 13756 26044 Watching for file changes with StatReloader
ERROR 2025-06-23 19:42:02,250 log 13756 26876 Internal Server Error: /staff/emisiones/verPoliza/2/
Traceback (most recent call last):
  File "C:\Users\ignac\AppData\Local\Programs\Python\Python313\Lib\site-packages\django\core\handlers\exception.py", line 55, in inner
    response = get_response(request)
  File "C:\Users\ignac\AppData\Local\Programs\Python\Python313\Lib\site-packages\django\core\handlers\base.py", line 197, in _get_response
    response = wrapped_callback(request, *callback_args, **callback_kwargs)
  File "C:\Users\ignac\AppData\Local\Programs\Python\Python313\Lib\site-packages\django\contrib\auth\decorators.py", line 59, in _view_wrapper
    return view_func(request, *args, **kwargs)
  File "C:\Users\ignac\OneDrive\Documentos\Django\novararey\EmisionesApp\views.py", line 256, in vista_ver_poliza
    return render(req, 'EmisionesApp/poliza_view.html', {
        'poliza': poliza,
        'endosos': endosos,
        'docs_emision'  : docs_emision,
    })
  File "C:\Users\ignac\AppData\Local\Programs\Python\Python313\Lib\site-packages\django\shortcuts.py", line 25, in render
    content = loader.render_to_string(template_name, context, request, using=using)
  File "C:\Users\ignac\AppData\Local\Programs\Python\Python313\Lib\site-packages\django\template\loader.py", line 62, in render_to_string
    return template.render(context, request)
           ~~~~~~~~~~~~~~~^^^^^^^^^^^^^^^^^^
  File "C:\Users\ignac\AppData\Local\Programs\Python\Python313\Lib\site-packages\django\template\backends\django.py", line 107, in render
    return self.template.render(context)
           ~~~~~~~~~~~~~~~~~~~~^^^^^^^^^
  File "C:\Users\ignac\AppData\Local\Programs\Python\Python313\Lib\site-packages\django\template\base.py", line 171, in render
    return self._render(context)
           ~~~~~~~~~~~~^^^^^^^^^
  File "C:\Users\ignac\AppData\Local\Programs\Python\Python313\Lib\site-packages\django\template\base.py", line 163, in _render
    return self.nodelist.render(context)
           ~~~~~~~~~~~~~~~~~~~~^^^^^^^^^
  File "C:\Users\ignac\AppData\Local\Programs\Python\Python313\Lib\site-packages\django\template\base.py", line 1016, in render
    return SafeString("".join([node.render_annotated(context) for node in self]))
                               ~~~~~~~~~~~~~~~~~~~~~^^^^^^^^^
  File "C:\Users\ignac\AppData\Local\Programs\Python\Python313\Lib\site-packages\django\template\base.py", line 977, in render_annotated
    return self.render(context)
           ~~~~~~~~~~~^^^^^^^^^
  File "C:\Users\ignac\AppData\Local\Programs\Python\Python313\Lib\site-packages\django\template\loader_tags.py", line 159, in render
    return compiled_parent._render(context)
           ~~~~~~~~~~~~~~~~~~~~~~~^^^^^^^^^
  File "C:\Users\ignac\AppData\Local\Programs\Python\Python313\Lib\site-packages\django\template\base.py", line 163, in _render
    return self.nodelist.render(context)
           ~~~~~~~~~~~~~~~~~~~~^^^^^^^^^
  File "C:\Users\ignac\AppData\Local\Programs\Python\Python313\Lib\site-packages\django\template\base.py", line 1016, in render
    return SafeString("".join([node.render_annotated(context) for node in self]))
                               ~~~~~~~~~~~~~~~~~~~~~^^^^^^^^^
  File "C:\Users\ignac\AppData\Local\Programs\Python\Python313\Lib\site-packages\django\template\base.py", line 977, in render_annotated
    return self.render(context)
           ~~~~~~~~~~~^^^^^^^^^
  File "C:\Users\ignac\AppData\Local\Programs\Python\Python313\Lib\site-packages\django\template\loader_tags.py", line 65, in render
    result = block.nodelist.render(context)
  File "C:\Users\ignac\AppData\Local\Programs\Python\Python313\Lib\site-packages\django\template\base.py", line 1016, in render
    return SafeString("".join([node.render_annotated(context) for node in self]))
                               ~~~~~~~~~~~~~~~~~~~~~^^^^^^^^^
  File "C:\Users\ignac\AppData\Local\Programs\Python\Python313\Lib\site-packages\django\template\base.py", line 977, in render_annotated
    return self.render(context)
           ~~~~~~~~~~~^^^^^^^^^
  File "C:\Users\ignac\AppData\Local\Programs\Python\Python313\Lib\site-packages\django\template\defaulttags.py", line 480, in render
    url = reverse(view_name, args=args, kwargs=kwargs, current_app=current_app)
  File "C:\Users\ignac\AppData\Local\Programs\Python\Python313\Lib\site-packages\django\urls\base.py", line 98, in reverse
    resolved_url = resolver._reverse_with_prefix(view, prefix, *args, **kwargs)
  File "C:\Users\ignac\AppData\Local\Programs\Python\Python313\Lib\site-packages\django\urls\resolvers.py", line 831, in _reverse_with_prefix
    raise NoReverseMatch(msg)
django.urls.exceptions.NoReverseMatch: Reverse for 'download_file' not found. 'download_file' is not a valid view function or pattern name.
ERROR 2025-06-23 19:42:02,262 basehttp 13756 26876 "GET /staff/emisiones/verPoliza/2/ HTTP/1.1" 500 170212
INFO 2025-06-23 19:42:39,264 basehttp 13756 26876 "GET /staff/emisiones/verPoliza/2/ HTTP/1.1" 200 18054
INFO 2025-06-23 19:42:44,032 basehttp 13756 26876 "GET /staff/emisiones/dowloadFile/5/ HTTP/1.1" 200 3737
INFO 2025-06-23 21:07:04,533 autoreload 13756 26044 C:\Users\ignac\OneDrive\Documentos\Django\NovaraRey\EmisionesApp\views.py changed, reloading.
INFO 2025-06-23 21:07:07,261 autoreload 616 9044 Watching for file changes with StatReloader
INFO 2025-06-23 21:07:11,926 basehttp 616 12004 "GET /staff/emisiones/verPoliza/2/ HTTP/1.1" 302 0
INFO 2025-06-23 21:07:12,076 basehttp 616 12004 "GET /login/login/?next=/staff/emisiones/verPoliza/2/ HTTP/1.1" 200 6804
INFO 2025-06-23 21:07:13,244 basehttp 616 12004 "GET /static/css/styles.css HTTP/1.1" 200 3505
INFO 2025-06-23 21:07:24,546 basehttp 616 23736 "POST /login/login/?next=/staff/emisiones/verPoliza/2/ HTTP/1.1" 302 0
INFO 2025-06-23 21:07:24,883 basehttp 616 23736 "GET /staff/emisiones/verPoliza/2/ HTTP/1.1" 200 18054
INFO 2025-06-24 09:40:12,430 autoreload 616 9044 C:\Users\ignac\OneDrive\Documentos\Django\NovaraRey\EmisionesApp\models.py changed, reloading.
INFO 2025-06-24 09:40:17,332 autoreload 19528 25880 Watching for file changes with StatReloader
INFO 2025-06-24 09:42:04,830 autoreload 19528 25880 C:\Users\ignac\OneDrive\Documentos\Django\NovaraRey\EmisionesApp\models.py changed, reloading.
INFO 2025-06-24 09:42:07,720 autoreload 26380 24740 Watching for file changes with StatReloader
INFO 2025-06-24 09:44:40,776 autoreload 26380 24740 C:\Users\ignac\OneDrive\Documentos\Django\NovaraRey\EmisionesApp\models.py changed, reloading.
INFO 2025-06-24 09:44:44,367 autoreload 17900 17892 Watching for file changes with StatReloader
INFO 2025-06-24 09:53:19,828 autoreload 17900 17892 C:\Users\ignac\OneDrive\Documentos\Django\NovaraRey\EmisionesApp\urls.py changed, reloading.
INFO 2025-06-24 09:53:21,909 autoreload 26160 9000 Watching for file changes with StatReloader
INFO 2025-06-24 09:57:10,497 autoreload 26160 9000 C:\Users\ignac\OneDrive\Documentos\Django\NovaraRey\EmisionesApp\views.py changed, reloading.
INFO 2025-06-24 09:57:12,597 autoreload 8724 15896 Watching for file changes with StatReloader
INFO 2025-06-24 10:25:03,759 autoreload 8724 15896 C:\Users\ignac\OneDrive\Documentos\Django\NovaraRey\EmisionesApp\views.py changed, reloading.
INFO 2025-06-24 10:25:08,707 autoreload 21068 23424 Watching for file changes with StatReloader
INFO 2025-06-24 10:31:35,736 autoreload 21068 23424 C:\Users\ignac\OneDrive\Documentos\Django\NovaraRey\EmisionesApp\views.py changed, reloading.
INFO 2025-06-24 10:31:40,733 autoreload 8240 12524 Watching for file changes with StatReloader
INFO 2025-06-24 10:37:36,649 autoreload 8240 12524 C:\Users\ignac\OneDrive\Documentos\Django\NovaraRey\EmisionesApp\views.py changed, reloading.
INFO 2025-06-24 10:37:39,466 autoreload 15412 8724 Watching for file changes with StatReloader
INFO 2025-06-24 11:11:07,956 autoreload 15412 8724 C:\Users\ignac\OneDrive\Documentos\Django\NovaraRey\EmisionesApp\views.py changed, reloading.
INFO 2025-06-24 11:11:11,431 autoreload 4576 20276 Watching for file changes with StatReloader
INFO 2025-06-24 11:11:18,001 basehttp 4576 28040 "GET /staff/emisiones/verPoliza/2/ HTTP/1.1" 302 0
INFO 2025-06-24 11:11:18,357 basehttp 4576 28040 "GET /login/login/?next=/staff/emisiones/verPoliza/2/ HTTP/1.1" 200 6804
INFO 2025-06-24 11:11:18,826 basehttp 4576 28040 "GET /static/css/styles.css HTTP/1.1" 304 0
INFO 2025-06-24 11:11:18,831 basehttp 4576 28040 "GET /media/logos/Logo%20Membrete%20sin%20fondo%20mini.png HTTP/1.1" 304 0
INFO 2025-06-24 11:11:25,828 basehttp 4576 28040 "POST /login/login/?next=/staff/emisiones/verPoliza/2/ HTTP/1.1" 302 0
ERROR 2025-06-24 11:11:26,289 log 4576 28040 Internal Server Error: /staff/emisiones/verPoliza/2/
Traceback (most recent call last):
  File "C:\Users\ignac\AppData\Local\Programs\Python\Python313\Lib\site-packages\django\db\backends\utils.py", line 105, in _execute
    return self.cursor.execute(sql, params)
           ~~~~~~~~~~~~~~~~~~~^^^^^^^^^^^^^
  File "C:\Users\ignac\AppData\Local\Programs\Python\Python313\Lib\site-packages\django\db\backends\sqlite3\base.py", line 360, in execute
    return super().execute(query, params)
           ~~~~~~~~~~~~~~~^^^^^^^^^^^^^^^
sqlite3.OperationalError: no such column: EmisionesApp_poliza.renovable

The above exception was the direct cause of the following exception:

Traceback (most recent call last):
  File "C:\Users\ignac\AppData\Local\Programs\Python\Python313\Lib\site-packages\django\core\handlers\exception.py", line 55, in inner
    response = get_response(request)
  File "C:\Users\ignac\AppData\Local\Programs\Python\Python313\Lib\site-packages\django\core\handlers\base.py", line 197, in _get_response
    response = wrapped_callback(request, *callback_args, **callback_kwargs)
  File "C:\Users\ignac\AppData\Local\Programs\Python\Python313\Lib\site-packages\django\contrib\auth\decorators.py", line 59, in _view_wrapper
    return view_func(request, *args, **kwargs)
  File "C:\Users\ignac\OneDrive\Documentos\Django\novararey\EmisionesApp\views.py", line 265, in vista_ver_poliza
    poliza = get_object_or_404(Poliza, id=id)
  File "C:\Users\ignac\AppData\Local\Programs\Python\Python313\Lib\site-packages\django\shortcuts.py", line 90, in get_object_or_404
    return queryset.get(*args, **kwargs)
           ~~~~~~~~~~~~^^^^^^^^^^^^^^^^^
  File "C:\Users\ignac\AppData\Local\Programs\Python\Python313\Lib\site-packages\django\db\models\query.py", line 629, in get
    num = len(clone)
  File "C:\Users\ignac\AppData\Local\Programs\Python\Python313\Lib\site-packages\django\db\models\query.py", line 366, in __len__
    self._fetch_all()
    ~~~~~~~~~~~~~~~^^
  File "C:\Users\ignac\AppData\Local\Programs\Python\Python313\Lib\site-packages\django\db\models\query.py", line 1935, in _fetch_all
    self._result_cache = list(self._iterable_class(self))
                         ~~~~^^^^^^^^^^^^^^^^^^^^^^^^^^^^
  File "C:\Users\ignac\AppData\Local\Programs\Python\Python313\Lib\site-packages\django\db\models\query.py", line 91, in __iter__
    results = compiler.execute_sql(
        chunked_fetch=self.chunked_fetch, chunk_size=self.chunk_size
    )
  File "C:\Users\ignac\AppData\Local\Programs\Python\Python313\Lib\site-packages\django\db\models\sql\compiler.py", line 1622, in execute_sql
    cursor.execute(sql, params)
    ~~~~~~~~~~~~~~^^^^^^^^^^^^^
  File "C:\Users\ignac\AppData\Local\Programs\Python\Python313\Lib\site-packages\django\db\backends\utils.py", line 122, in execute
    return super().execute(sql, params)
           ~~~~~~~~~~~~~~~^^^^^^^^^^^^^
  File "C:\Users\ignac\AppData\Local\Programs\Python\Python313\Lib\site-packages\django\db\backends\utils.py", line 79, in execute
    return self._execute_with_wrappers(
           ~~~~~~~~~~~~~~~~~~~~~~~~~~~^
        sql, params, many=False, executor=self._execute
        ^^^^^^^^^^^^^^^^^^^^^^^^^^^^^^^^^^^^^^^^^^^^^^^
    )
    ^
  File "C:\Users\ignac\AppData\Local\Programs\Python\Python313\Lib\site-packages\django\db\backends\utils.py", line 92, in _execute_with_wrappers
    return executor(sql, params, many, context)
  File "C:\Users\ignac\AppData\Local\Programs\Python\Python313\Lib\site-packages\django\db\backends\utils.py", line 100, in _execute
    with self.db.wrap_database_errors:
         ^^^^^^^^^^^^^^^^^^^^^^^^^^^^
  File "C:\Users\ignac\AppData\Local\Programs\Python\Python313\Lib\site-packages\django\db\utils.py", line 91, in __exit__
    raise dj_exc_value.with_traceback(traceback) from exc_value
  File "C:\Users\ignac\AppData\Local\Programs\Python\Python313\Lib\site-packages\django\db\backends\utils.py", line 105, in _execute
    return self.cursor.execute(sql, params)
           ~~~~~~~~~~~~~~~~~~~^^^^^^^^^^^^^
  File "C:\Users\ignac\AppData\Local\Programs\Python\Python313\Lib\site-packages\django\db\backends\sqlite3\base.py", line 360, in execute
    return super().execute(query, params)
           ~~~~~~~~~~~~~~~^^^^^^^^^^^^^^^
django.db.utils.OperationalError: no such column: EmisionesApp_poliza.renovable
ERROR 2025-06-24 11:11:26,305 basehttp 4576 28040 "GET /staff/emisiones/verPoliza/2/ HTTP/1.1" 500 148784
ERROR 2025-06-24 11:11:57,572 log 4576 28040 Internal Server Error: /staff/emisiones/verPoliza/2/
Traceback (most recent call last):
  File "C:\Users\ignac\AppData\Local\Programs\Python\Python313\Lib\site-packages\django\core\handlers\exception.py", line 55, in inner
    response = get_response(request)
  File "C:\Users\ignac\AppData\Local\Programs\Python\Python313\Lib\site-packages\django\core\handlers\base.py", line 197, in _get_response
    response = wrapped_callback(request, *callback_args, **callback_kwargs)
  File "C:\Users\ignac\AppData\Local\Programs\Python\Python313\Lib\site-packages\django\contrib\auth\decorators.py", line 59, in _view_wrapper
    return view_func(request, *args, **kwargs)
  File "C:\Users\ignac\OneDrive\Documentos\Django\novararey\EmisionesApp\views.py", line 268, in vista_ver_poliza
    return render(req, 'EmisionesApp/poliza_view.html', {
        'poliza': poliza,
        'endosos': endosos,
        'docs_emision'  : docs_emision,
    })
  File "C:\Users\ignac\AppData\Local\Programs\Python\Python313\Lib\site-packages\django\shortcuts.py", line 25, in render
    content = loader.render_to_string(template_name, context, request, using=using)
  File "C:\Users\ignac\AppData\Local\Programs\Python\Python313\Lib\site-packages\django\template\loader.py", line 62, in render_to_string
    return template.render(context, request)
           ~~~~~~~~~~~~~~~^^^^^^^^^^^^^^^^^^
  File "C:\Users\ignac\AppData\Local\Programs\Python\Python313\Lib\site-packages\django\template\backends\django.py", line 107, in render
    return self.template.render(context)
           ~~~~~~~~~~~~~~~~~~~~^^^^^^^^^
  File "C:\Users\ignac\AppData\Local\Programs\Python\Python313\Lib\site-packages\django\template\base.py", line 171, in render
    return self._render(context)
           ~~~~~~~~~~~~^^^^^^^^^
  File "C:\Users\ignac\AppData\Local\Programs\Python\Python313\Lib\site-packages\django\template\base.py", line 163, in _render
    return self.nodelist.render(context)
           ~~~~~~~~~~~~~~~~~~~~^^^^^^^^^
  File "C:\Users\ignac\AppData\Local\Programs\Python\Python313\Lib\site-packages\django\template\base.py", line 1016, in render
    return SafeString("".join([node.render_annotated(context) for node in self]))
                               ~~~~~~~~~~~~~~~~~~~~~^^^^^^^^^
  File "C:\Users\ignac\AppData\Local\Programs\Python\Python313\Lib\site-packages\django\template\base.py", line 977, in render_annotated
    return self.render(context)
           ~~~~~~~~~~~^^^^^^^^^
  File "C:\Users\ignac\AppData\Local\Programs\Python\Python313\Lib\site-packages\django\template\loader_tags.py", line 159, in render
    return compiled_parent._render(context)
           ~~~~~~~~~~~~~~~~~~~~~~~^^^^^^^^^
  File "C:\Users\ignac\AppData\Local\Programs\Python\Python313\Lib\site-packages\django\template\base.py", line 163, in _render
    return self.nodelist.render(context)
           ~~~~~~~~~~~~~~~~~~~~^^^^^^^^^
  File "C:\Users\ignac\AppData\Local\Programs\Python\Python313\Lib\site-packages\django\template\base.py", line 1016, in render
    return SafeString("".join([node.render_annotated(context) for node in self]))
                               ~~~~~~~~~~~~~~~~~~~~~^^^^^^^^^
  File "C:\Users\ignac\AppData\Local\Programs\Python\Python313\Lib\site-packages\django\template\base.py", line 977, in render_annotated
    return self.render(context)
           ~~~~~~~~~~~^^^^^^^^^
  File "C:\Users\ignac\AppData\Local\Programs\Python\Python313\Lib\site-packages\django\template\loader_tags.py", line 65, in render
    result = block.nodelist.render(context)
  File "C:\Users\ignac\AppData\Local\Programs\Python\Python313\Lib\site-packages\django\template\base.py", line 1016, in render
    return SafeString("".join([node.render_annotated(context) for node in self]))
                               ~~~~~~~~~~~~~~~~~~~~~^^^^^^^^^
  File "C:\Users\ignac\AppData\Local\Programs\Python\Python313\Lib\site-packages\django\template\base.py", line 977, in render_annotated
    return self.render(context)
           ~~~~~~~~~~~^^^^^^^^^
  File "C:\Users\ignac\AppData\Local\Programs\Python\Python313\Lib\site-packages\django\template\defaulttags.py", line 480, in render
    url = reverse(view_name, args=args, kwargs=kwargs, current_app=current_app)
  File "C:\Users\ignac\AppData\Local\Programs\Python\Python313\Lib\site-packages\django\urls\base.py", line 98, in reverse
    resolved_url = resolver._reverse_with_prefix(view, prefix, *args, **kwargs)
  File "C:\Users\ignac\AppData\Local\Programs\Python\Python313\Lib\site-packages\django\urls\resolvers.py", line 831, in _reverse_with_prefix
    raise NoReverseMatch(msg)
django.urls.exceptions.NoReverseMatch: Reverse for 'add_poliza' with arguments '('',)' not found. 1 pattern(s) tried: ['staff/emisiones/addPoliza/(?P<id>[0-9]+)/\\Z']
ERROR 2025-06-24 11:11:57,625 basehttp 4576 28040 "GET /staff/emisiones/verPoliza/2/ HTTP/1.1" 500 176854
ERROR 2025-06-24 11:14:30,036 log 4576 28040 Internal Server Error: /staff/emisiones/verPoliza/2/
Traceback (most recent call last):
  File "C:\Users\ignac\AppData\Local\Programs\Python\Python313\Lib\site-packages\django\core\handlers\exception.py", line 55, in inner
    response = get_response(request)
  File "C:\Users\ignac\AppData\Local\Programs\Python\Python313\Lib\site-packages\django\core\handlers\base.py", line 197, in _get_response
    response = wrapped_callback(request, *callback_args, **callback_kwargs)
  File "C:\Users\ignac\AppData\Local\Programs\Python\Python313\Lib\site-packages\django\contrib\auth\decorators.py", line 59, in _view_wrapper
    return view_func(request, *args, **kwargs)
  File "C:\Users\ignac\OneDrive\Documentos\Django\novararey\EmisionesApp\views.py", line 268, in vista_ver_poliza
    return render(req, 'EmisionesApp/poliza_view.html', {
        'poliza': poliza,
        'endosos': endosos,
        'docs_emision'  : docs_emision,
    })
  File "C:\Users\ignac\AppData\Local\Programs\Python\Python313\Lib\site-packages\django\shortcuts.py", line 25, in render
    content = loader.render_to_string(template_name, context, request, using=using)
  File "C:\Users\ignac\AppData\Local\Programs\Python\Python313\Lib\site-packages\django\template\loader.py", line 62, in render_to_string
    return template.render(context, request)
           ~~~~~~~~~~~~~~~^^^^^^^^^^^^^^^^^^
  File "C:\Users\ignac\AppData\Local\Programs\Python\Python313\Lib\site-packages\django\template\backends\django.py", line 107, in render
    return self.template.render(context)
           ~~~~~~~~~~~~~~~~~~~~^^^^^^^^^
  File "C:\Users\ignac\AppData\Local\Programs\Python\Python313\Lib\site-packages\django\template\base.py", line 171, in render
    return self._render(context)
           ~~~~~~~~~~~~^^^^^^^^^
  File "C:\Users\ignac\AppData\Local\Programs\Python\Python313\Lib\site-packages\django\template\base.py", line 163, in _render
    return self.nodelist.render(context)
           ~~~~~~~~~~~~~~~~~~~~^^^^^^^^^
  File "C:\Users\ignac\AppData\Local\Programs\Python\Python313\Lib\site-packages\django\template\base.py", line 1016, in render
    return SafeString("".join([node.render_annotated(context) for node in self]))
                               ~~~~~~~~~~~~~~~~~~~~~^^^^^^^^^
  File "C:\Users\ignac\AppData\Local\Programs\Python\Python313\Lib\site-packages\django\template\base.py", line 977, in render_annotated
    return self.render(context)
           ~~~~~~~~~~~^^^^^^^^^
  File "C:\Users\ignac\AppData\Local\Programs\Python\Python313\Lib\site-packages\django\template\loader_tags.py", line 159, in render
    return compiled_parent._render(context)
           ~~~~~~~~~~~~~~~~~~~~~~~^^^^^^^^^
  File "C:\Users\ignac\AppData\Local\Programs\Python\Python313\Lib\site-packages\django\template\base.py", line 163, in _render
    return self.nodelist.render(context)
           ~~~~~~~~~~~~~~~~~~~~^^^^^^^^^
  File "C:\Users\ignac\AppData\Local\Programs\Python\Python313\Lib\site-packages\django\template\base.py", line 1016, in render
    return SafeString("".join([node.render_annotated(context) for node in self]))
                               ~~~~~~~~~~~~~~~~~~~~~^^^^^^^^^
  File "C:\Users\ignac\AppData\Local\Programs\Python\Python313\Lib\site-packages\django\template\base.py", line 977, in render_annotated
    return self.render(context)
           ~~~~~~~~~~~^^^^^^^^^
  File "C:\Users\ignac\AppData\Local\Programs\Python\Python313\Lib\site-packages\django\template\loader_tags.py", line 65, in render
    result = block.nodelist.render(context)
  File "C:\Users\ignac\AppData\Local\Programs\Python\Python313\Lib\site-packages\django\template\base.py", line 1016, in render
    return SafeString("".join([node.render_annotated(context) for node in self]))
                               ~~~~~~~~~~~~~~~~~~~~~^^^^^^^^^
  File "C:\Users\ignac\AppData\Local\Programs\Python\Python313\Lib\site-packages\django\template\base.py", line 977, in render_annotated
    return self.render(context)
           ~~~~~~~~~~~^^^^^^^^^
  File "C:\Users\ignac\AppData\Local\Programs\Python\Python313\Lib\site-packages\django\template\defaulttags.py", line 480, in render
    url = reverse(view_name, args=args, kwargs=kwargs, current_app=current_app)
  File "C:\Users\ignac\AppData\Local\Programs\Python\Python313\Lib\site-packages\django\urls\base.py", line 98, in reverse
    resolved_url = resolver._reverse_with_prefix(view, prefix, *args, **kwargs)
  File "C:\Users\ignac\AppData\Local\Programs\Python\Python313\Lib\site-packages\django\urls\resolvers.py", line 831, in _reverse_with_prefix
    raise NoReverseMatch(msg)
django.urls.exceptions.NoReverseMatch: Reverse for 'anular_poliza' not found. 'anular_poliza' is not a valid view function or pattern name.
ERROR 2025-06-24 11:14:30,069 basehttp 4576 28040 "GET /staff/emisiones/verPoliza/2/ HTTP/1.1" 500 174705
INFO 2025-06-24 11:14:52,713 autoreload 4576 20276 C:\Users\ignac\OneDrive\Documentos\Django\NovaraRey\EmisionesApp\urls.py changed, reloading.
INFO 2025-06-24 11:14:56,170 autoreload 28056 8620 Watching for file changes with StatReloader
INFO 2025-06-24 11:14:57,540 basehttp 28056 22704 "GET /staff/emisiones/verPoliza/2/ HTTP/1.1" 200 20984
INFO 2025-06-24 11:16:01,679 basehttp 28056 22704 "GET /staff/emisiones/verPoliza/2/ HTTP/1.1" 200 20946
INFO 2025-06-24 11:17:11,495 autoreload 28056 8620 C:\Users\ignac\OneDrive\Documentos\Django\NovaraRey\EmisionesApp\models.py changed, reloading.
INFO 2025-06-24 11:17:13,219 autoreload 6116 12080 Watching for file changes with StatReloader
INFO 2025-06-24 11:17:43,298 autoreload 6116 12080 C:\Users\ignac\OneDrive\Documentos\Django\NovaraRey\EmisionesApp\models.py changed, reloading.
INFO 2025-06-24 11:17:45,129 autoreload 14900 22040 Watching for file changes with StatReloader
INFO 2025-06-24 11:17:50,547 basehttp 14900 11036 "GET /staff/emisiones/verPoliza/2/ HTTP/1.1" 200 20946
INFO 2025-06-24 11:18:45,344 autoreload 14900 22040 C:\Users\ignac\OneDrive\Documentos\Django\NovaraRey\EmisionesApp\models.py changed, reloading.
INFO 2025-06-24 11:18:47,019 autoreload 9748 24688 Watching for file changes with StatReloader
INFO 2025-06-24 11:18:50,758 basehttp 9748 2536 "GET /staff/emisiones/verPoliza/2/ HTTP/1.1" 200 20946
INFO 2025-06-24 11:19:03,872 autoreload 9748 24688 C:\Users\ignac\OneDrive\Documentos\Django\NovaraRey\EmisionesApp\models.py changed, reloading.
INFO 2025-06-24 11:19:06,635 autoreload 18128 15312 Watching for file changes with StatReloader
INFO 2025-06-24 11:19:24,828 basehttp 18128 25528 "GET /staff/emisiones/verPoliza/2/ HTTP/1.1" 200 20956
INFO 2025-06-24 11:21:57,020 basehttp 18128 25528 "GET /staff/emisiones/verPoliza/2/ HTTP/1.1" 200 20946
INFO 2025-06-24 11:24:27,558 autoreload 18128 15312 C:\Users\ignac\OneDrive\Documentos\Django\NovaraRey\EmisionesApp\models.py changed, reloading.
INFO 2025-06-24 11:24:30,564 autoreload 16364 12492 Watching for file changes with StatReloader
INFO 2025-06-24 11:24:37,203 basehttp 16364 23308 "GET /staff/emisiones/verPoliza/2/ HTTP/1.1" 200 20977
INFO 2025-06-24 11:25:30,230 autoreload 16364 12492 C:\Users\ignac\OneDrive\Documentos\Django\NovaraRey\EmisionesApp\models.py changed, reloading.
INFO 2025-06-24 11:25:32,054 autoreload 16064 4660 Watching for file changes with StatReloader
INFO 2025-06-24 11:25:57,998 basehttp 16064 17336 "POST /staff/emisiones/poliza/anular/2/ HTTP/1.1" 302 0
INFO 2025-06-24 11:25:58,099 basehttp 16064 17336 "GET /staff/emisiones/verPoliza/2/ HTTP/1.1" 200 22001
INFO 2025-06-24 12:12:07,134 basehttp 16064 10044 "GET /staff/emisiones/list HTTP/1.1" 200 18987
ERROR 2025-06-24 12:12:10,439 log 16064 10044 Internal Server Error: /staff/emisiones/addPoliza/4/
Traceback (most recent call last):
  File "C:\Users\ignac\AppData\Local\Programs\Python\Python313\Lib\site-packages\django\core\handlers\exception.py", line 55, in inner
    response = get_response(request)
  File "C:\Users\ignac\AppData\Local\Programs\Python\Python313\Lib\site-packages\django\core\handlers\base.py", line 197, in _get_response
    response = wrapped_callback(request, *callback_args, **callback_kwargs)
  File "C:\Users\ignac\AppData\Local\Programs\Python\Python313\Lib\site-packages\django\contrib\auth\decorators.py", line 59, in _view_wrapper
    return view_func(request, *args, **kwargs)
  File "C:\Users\ignac\OneDrive\Documentos\Django\novararey\EmisionesApp\views.py", line 257, in vista_add_poliza
    'numero_previa': numero_previa,})
                     ^^^^^^^^^^^^^
NameError: name 'numero_previa' is not defined
ERROR 2025-06-24 12:12:10,460 basehttp 16064 10044 "GET /staff/emisiones/addPoliza/4/ HTTP/1.1" 500 72381
INFO 2025-06-24 12:12:47,801 basehttp 16064 10044 "GET /admin/ HTTP/1.1" 200 28190
INFO 2025-06-24 12:12:50,599 basehttp 16064 10044 "GET / HTTP/1.1" 200 6257
INFO 2025-06-24 12:12:56,230 basehttp 16064 10044 "GET /staff/ HTTP/1.1" 302 0
INFO 2025-06-24 12:12:56,446 basehttp 16064 7884 "GET /staff/ HTTP/1.1" 302 0
INFO 2025-06-24 12:12:56,518 basehttp 16064 10044 - Broken pipe from ('127.0.0.1', 53980)
INFO 2025-06-24 12:12:56,572 basehttp 16064 7884 "GET /staff/dashboard/ HTTP/1.1" 200 13555
WARNING 2025-06-24 12:12:57,806 basehttp 16064 7884 "GET /static/css/staff.css HTTP/1.1" 404 1853
INFO 2025-06-24 12:13:04,014 basehttp 16064 20004 "GET /staff/emisiones/list?filtro_poliza=SP HTTP/1.1" 200 17101
ERROR 2025-06-24 12:15:16,889 log 16064 23340 Internal Server Error: /staff/emisiones/addPoliza/4/
Traceback (most recent call last):
  File "C:\Users\ignac\AppData\Local\Programs\Python\Python313\Lib\site-packages\django\core\handlers\exception.py", line 55, in inner
    response = get_response(request)
  File "C:\Users\ignac\AppData\Local\Programs\Python\Python313\Lib\site-packages\django\core\handlers\base.py", line 197, in _get_response
    response = wrapped_callback(request, *callback_args, **callback_kwargs)
  File "C:\Users\ignac\AppData\Local\Programs\Python\Python313\Lib\site-packages\django\contrib\auth\decorators.py", line 59, in _view_wrapper
    return view_func(request, *args, **kwargs)
  File "C:\Users\ignac\OneDrive\Documentos\Django\novararey\EmisionesApp\views.py", line 257, in vista_add_poliza
    'numero_previa': numero_previa,})
                     ^^^^^^^^^^^^^
NameError: name 'numero_previa' is not defined
ERROR 2025-06-24 12:15:16,915 basehttp 16064 23340 "GET /staff/emisiones/addPoliza/4/ HTTP/1.1" 500 72398
INFO 2025-06-24 12:17:17,876 autoreload 16064 4660 C:\Users\ignac\OneDrive\Documentos\Django\NovaraRey\EmisionesApp\views.py changed, reloading.
INFO 2025-06-24 12:17:23,411 autoreload 5260 15600 Watching for file changes with StatReloader
INFO 2025-06-24 12:17:30,407 basehttp 5260 9604 "GET /staff/emisiones/addPoliza/4/ HTTP/1.1" 200 13125
INFO 2025-06-24 12:19:30,486 basehttp 5260 9604 "GET /staff/emisiones/addPoliza/4/ HTTP/1.1" 200 13134
INFO 2025-06-24 12:19:45,278 basehttp 5260 9604 "GET /staff/clientes/ HTTP/1.1" 200 11465
INFO 2025-06-24 12:19:47,639 basehttp 5260 9604 "GET /staff/clientes/edit/3/ HTTP/1.1" 200 40371
INFO 2025-06-24 12:20:36,183 autoreload 5260 15600 C:\Users\ignac\OneDrive\Documentos\Django\NovaraRey\EmisionesApp\views.py changed, reloading.
INFO 2025-06-24 12:20:38,731 autoreload 25296 8852 Watching for file changes with StatReloader
INFO 2025-06-24 12:20:44,740 basehttp 25296 6828 "GET /staff/clientes/edit/3/ HTTP/1.1" 200 40371
INFO 2025-06-24 12:21:02,794 basehttp 25296 6828 "GET /staff/clientes/edit/3/ HTTP/1.1" 200 40371
INFO 2025-06-24 12:21:10,656 basehttp 25296 6828 "GET /staff/emisiones/list HTTP/1.1" 200 18987
INFO 2025-06-24 12:21:12,810 basehttp 25296 6828 "GET /staff/emisiones/addPoliza/4/ HTTP/1.1" 200 13134
INFO 2025-06-24 12:21:30,961 autoreload 25296 8852 C:\Users\ignac\OneDrive\Documentos\Django\NovaraRey\EmisionesApp\views.py changed, reloading.
INFO 2025-06-24 12:21:33,693 autoreload 11632 5132 Watching for file changes with StatReloader
INFO 2025-06-24 12:21:37,536 basehttp 11632 6224 "GET /staff/emisiones/addPoliza/4/ HTTP/1.1" 200 13134
INFO 2025-06-24 12:25:23,739 basehttp 11632 9264 "GET /staff/emisiones/addPoliza/4/ HTTP/1.1" 200 13126
INFO 2025-06-24 12:26:05,016 basehttp 11632 9264 "GET /staff/emisiones/addPoliza/4/ HTTP/1.1" 200 13269
WARNING 2025-06-24 12:26:57,876 log 11632 9264 Not Found: /staff/emisiones/addPoliza/4/
WARNING 2025-06-24 12:26:57,884 basehttp 11632 9264 "POST /staff/emisiones/addPoliza/4/ HTTP/1.1" 404 9894
WARNING 2025-06-24 12:31:42,836 log 11632 9264 Not Found: /staff/emisiones/addPoliza/4/
WARNING 2025-06-24 12:31:42,850 basehttp 11632 9264 "POST /staff/emisiones/addPoliza/4/ HTTP/1.1" 404 9894
ERROR 2025-06-24 12:32:47,725 log 11632 9264 Internal Server Error: /staff/emisiones/addPoliza/4/
Traceback (most recent call last):
  File "C:\Users\ignac\AppData\Local\Programs\Python\Python313\Lib\site-packages\django\core\handlers\exception.py", line 55, in inner
    response = get_response(request)
  File "C:\Users\ignac\AppData\Local\Programs\Python\Python313\Lib\site-packages\django\core\handlers\base.py", line 197, in _get_response
    response = wrapped_callback(request, *callback_args, **callback_kwargs)
  File "C:\Users\ignac\AppData\Local\Programs\Python\Python313\Lib\site-packages\django\contrib\auth\decorators.py", line 59, in _view_wrapper
    return view_func(request, *args, **kwargs)
  File "C:\Users\ignac\OneDrive\Documentos\Django\novararey\EmisionesApp\views.py", line 254, in vista_add_poliza
    return render(req, 'EmisionesApp/poliza_add.html',
                  {"emision": emision,
    ...<2 lines>...
                   'PolizaRefacturacion': Poliza.PolizaRefacturacion.choices,
                   'numero_previa': numero_previa,})
  File "C:\Users\ignac\AppData\Local\Programs\Python\Python313\Lib\site-packages\django\shortcuts.py", line 25, in render
    content = loader.render_to_string(template_name, context, request, using=using)
  File "C:\Users\ignac\AppData\Local\Programs\Python\Python313\Lib\site-packages\django\template\loader.py", line 62, in render_to_string
    return template.render(context, request)
           ~~~~~~~~~~~~~~~^^^^^^^^^^^^^^^^^^
  File "C:\Users\ignac\AppData\Local\Programs\Python\Python313\Lib\site-packages\django\template\backends\django.py", line 107, in render
    return self.template.render(context)
           ~~~~~~~~~~~~~~~~~~~~^^^^^^^^^
  File "C:\Users\ignac\AppData\Local\Programs\Python\Python313\Lib\site-packages\django\template\base.py", line 171, in render
    return self._render(context)
           ~~~~~~~~~~~~^^^^^^^^^
  File "C:\Users\ignac\AppData\Local\Programs\Python\Python313\Lib\site-packages\django\template\base.py", line 163, in _render
    return self.nodelist.render(context)
           ~~~~~~~~~~~~~~~~~~~~^^^^^^^^^
  File "C:\Users\ignac\AppData\Local\Programs\Python\Python313\Lib\site-packages\django\template\base.py", line 1016, in render
    return SafeString("".join([node.render_annotated(context) for node in self]))
                               ~~~~~~~~~~~~~~~~~~~~~^^^^^^^^^
  File "C:\Users\ignac\AppData\Local\Programs\Python\Python313\Lib\site-packages\django\template\base.py", line 977, in render_annotated
    return self.render(context)
           ~~~~~~~~~~~^^^^^^^^^
  File "C:\Users\ignac\AppData\Local\Programs\Python\Python313\Lib\site-packages\django\template\loader_tags.py", line 159, in render
    return compiled_parent._render(context)
           ~~~~~~~~~~~~~~~~~~~~~~~^^^^^^^^^
  File "C:\Users\ignac\AppData\Local\Programs\Python\Python313\Lib\site-packages\django\template\base.py", line 163, in _render
    return self.nodelist.render(context)
           ~~~~~~~~~~~~~~~~~~~~^^^^^^^^^
  File "C:\Users\ignac\AppData\Local\Programs\Python\Python313\Lib\site-packages\django\template\base.py", line 1016, in render
    return SafeString("".join([node.render_annotated(context) for node in self]))
                               ~~~~~~~~~~~~~~~~~~~~~^^^^^^^^^
  File "C:\Users\ignac\AppData\Local\Programs\Python\Python313\Lib\site-packages\django\template\base.py", line 977, in render_annotated
    return self.render(context)
           ~~~~~~~~~~~^^^^^^^^^
  File "C:\Users\ignac\AppData\Local\Programs\Python\Python313\Lib\site-packages\django\template\loader_tags.py", line 65, in render
    result = block.nodelist.render(context)
  File "C:\Users\ignac\AppData\Local\Programs\Python\Python313\Lib\site-packages\django\template\base.py", line 1016, in render
    return SafeString("".join([node.render_annotated(context) for node in self]))
                               ~~~~~~~~~~~~~~~~~~~~~^^^^^^^^^
  File "C:\Users\ignac\AppData\Local\Programs\Python\Python313\Lib\site-packages\django\template\base.py", line 977, in render_annotated
    return self.render(context)
           ~~~~~~~~~~~^^^^^^^^^
  File "C:\Users\ignac\AppData\Local\Programs\Python\Python313\Lib\site-packages\django\template\defaulttags.py", line 480, in render
    url = reverse(view_name, args=args, kwargs=kwargs, current_app=current_app)
  File "C:\Users\ignac\AppData\Local\Programs\Python\Python313\Lib\site-packages\django\urls\base.py", line 98, in reverse
    resolved_url = resolver._reverse_with_prefix(view, prefix, *args, **kwargs)
  File "C:\Users\ignac\AppData\Local\Programs\Python\Python313\Lib\site-packages\django\urls\resolvers.py", line 831, in _reverse_with_prefix
    raise NoReverseMatch(msg)
django.urls.exceptions.NoReverseMatch: Reverse for 'poliza_add' not found. 'poliza_add' is not a valid view function or pattern name.
ERROR 2025-06-24 12:32:47,761 basehttp 11632 9264 "GET /staff/emisiones/addPoliza/4/ HTTP/1.1" 500 172655
INFO 2025-06-24 12:33:35,153 basehttp 11632 9264 "GET /staff/emisiones/list HTTP/1.1" 200 18987
ERROR 2025-06-24 12:34:08,532 log 11632 9264 Internal Server Error: /staff/emisiones/addPoliza/5/
Traceback (most recent call last):
  File "C:\Users\ignac\AppData\Local\Programs\Python\Python313\Lib\site-packages\django\core\handlers\exception.py", line 55, in inner
    response = get_response(request)
  File "C:\Users\ignac\AppData\Local\Programs\Python\Python313\Lib\site-packages\django\core\handlers\base.py", line 197, in _get_response
    response = wrapped_callback(request, *callback_args, **callback_kwargs)
  File "C:\Users\ignac\AppData\Local\Programs\Python\Python313\Lib\site-packages\django\contrib\auth\decorators.py", line 59, in _view_wrapper
    return view_func(request, *args, **kwargs)
  File "C:\Users\ignac\OneDrive\Documentos\Django\novararey\EmisionesApp\views.py", line 254, in vista_add_poliza
    return render(req, 'EmisionesApp/poliza_add.html',
                  {"emision": emision,
    ...<2 lines>...
                   'PolizaRefacturacion': Poliza.PolizaRefacturacion.choices,
                   'numero_previa': numero_previa,})
  File "C:\Users\ignac\AppData\Local\Programs\Python\Python313\Lib\site-packages\django\shortcuts.py", line 25, in render
    content = loader.render_to_string(template_name, context, request, using=using)
  File "C:\Users\ignac\AppData\Local\Programs\Python\Python313\Lib\site-packages\django\template\loader.py", line 62, in render_to_string
    return template.render(context, request)
           ~~~~~~~~~~~~~~~^^^^^^^^^^^^^^^^^^
  File "C:\Users\ignac\AppData\Local\Programs\Python\Python313\Lib\site-packages\django\template\backends\django.py", line 107, in render
    return self.template.render(context)
           ~~~~~~~~~~~~~~~~~~~~^^^^^^^^^
  File "C:\Users\ignac\AppData\Local\Programs\Python\Python313\Lib\site-packages\django\template\base.py", line 171, in render
    return self._render(context)
           ~~~~~~~~~~~~^^^^^^^^^
  File "C:\Users\ignac\AppData\Local\Programs\Python\Python313\Lib\site-packages\django\template\base.py", line 163, in _render
    return self.nodelist.render(context)
           ~~~~~~~~~~~~~~~~~~~~^^^^^^^^^
  File "C:\Users\ignac\AppData\Local\Programs\Python\Python313\Lib\site-packages\django\template\base.py", line 1016, in render
    return SafeString("".join([node.render_annotated(context) for node in self]))
                               ~~~~~~~~~~~~~~~~~~~~~^^^^^^^^^
  File "C:\Users\ignac\AppData\Local\Programs\Python\Python313\Lib\site-packages\django\template\base.py", line 977, in render_annotated
    return self.render(context)
           ~~~~~~~~~~~^^^^^^^^^
  File "C:\Users\ignac\AppData\Local\Programs\Python\Python313\Lib\site-packages\django\template\loader_tags.py", line 159, in render
    return compiled_parent._render(context)
           ~~~~~~~~~~~~~~~~~~~~~~~^^^^^^^^^
  File "C:\Users\ignac\AppData\Local\Programs\Python\Python313\Lib\site-packages\django\template\base.py", line 163, in _render
    return self.nodelist.render(context)
           ~~~~~~~~~~~~~~~~~~~~^^^^^^^^^
  File "C:\Users\ignac\AppData\Local\Programs\Python\Python313\Lib\site-packages\django\template\base.py", line 1016, in render
    return SafeString("".join([node.render_annotated(context) for node in self]))
                               ~~~~~~~~~~~~~~~~~~~~~^^^^^^^^^
  File "C:\Users\ignac\AppData\Local\Programs\Python\Python313\Lib\site-packages\django\template\base.py", line 977, in render_annotated
    return self.render(context)
           ~~~~~~~~~~~^^^^^^^^^
  File "C:\Users\ignac\AppData\Local\Programs\Python\Python313\Lib\site-packages\django\template\loader_tags.py", line 65, in render
    result = block.nodelist.render(context)
  File "C:\Users\ignac\AppData\Local\Programs\Python\Python313\Lib\site-packages\django\template\base.py", line 1016, in render
    return SafeString("".join([node.render_annotated(context) for node in self]))
                               ~~~~~~~~~~~~~~~~~~~~~^^^^^^^^^
  File "C:\Users\ignac\AppData\Local\Programs\Python\Python313\Lib\site-packages\django\template\base.py", line 977, in render_annotated
    return self.render(context)
           ~~~~~~~~~~~^^^^^^^^^
  File "C:\Users\ignac\AppData\Local\Programs\Python\Python313\Lib\site-packages\django\template\defaulttags.py", line 480, in render
    url = reverse(view_name, args=args, kwargs=kwargs, current_app=current_app)
  File "C:\Users\ignac\AppData\Local\Programs\Python\Python313\Lib\site-packages\django\urls\base.py", line 98, in reverse
    resolved_url = resolver._reverse_with_prefix(view, prefix, *args, **kwargs)
  File "C:\Users\ignac\AppData\Local\Programs\Python\Python313\Lib\site-packages\django\urls\resolvers.py", line 831, in _reverse_with_prefix
    raise NoReverseMatch(msg)
django.urls.exceptions.NoReverseMatch: Reverse for 'poliza_add' not found. 'poliza_add' is not a valid view function or pattern name.
ERROR 2025-06-24 12:34:08,550 basehttp 11632 9264 "GET /staff/emisiones/addPoliza/5/ HTTP/1.1" 500 173391
INFO 2025-06-24 12:34:43,623 autoreload 11632 5132 C:\Users\ignac\OneDrive\Documentos\Django\NovaraRey\EmisionesApp\urls.py changed, reloading.
INFO 2025-06-24 12:34:46,434 autoreload 368 18292 Watching for file changes with StatReloader
WARNING 2025-06-24 12:34:49,882 log 368 25236 Not Found: /staff/emisiones/addPoliza/5/
WARNING 2025-06-24 12:34:49,884 basehttp 368 25236 "GET /staff/emisiones/addPoliza/5/ HTTP/1.1" 404 13319
INFO 2025-06-24 12:35:04,334 autoreload 368 18292 C:\Users\ignac\OneDrive\Documentos\Django\NovaraRey\EmisionesApp\urls.py changed, reloading.
INFO 2025-06-24 12:35:06,981 autoreload 14964 23840 Watching for file changes with StatReloader
ERROR 2025-06-24 12:35:13,836 log 14964 18768 Internal Server Error: /staff/emisiones/addPoliza/5/
Traceback (most recent call last):
  File "C:\Users\ignac\AppData\Local\Programs\Python\Python313\Lib\site-packages\django\core\handlers\exception.py", line 55, in inner
    response = get_response(request)
  File "C:\Users\ignac\AppData\Local\Programs\Python\Python313\Lib\site-packages\django\core\handlers\base.py", line 197, in _get_response
    response = wrapped_callback(request, *callback_args, **callback_kwargs)
  File "C:\Users\ignac\AppData\Local\Programs\Python\Python313\Lib\site-packages\django\contrib\auth\decorators.py", line 59, in _view_wrapper
    return view_func(request, *args, **kwargs)
  File "C:\Users\ignac\OneDrive\Documentos\Django\novararey\EmisionesApp\views.py", line 254, in vista_add_poliza
    return render(req, 'EmisionesApp/poliza_add.html',
                  {"emision": emision,
    ...<2 lines>...
                   'PolizaRefacturacion': Poliza.PolizaRefacturacion.choices,
                   'numero_previa': numero_previa,})
  File "C:\Users\ignac\AppData\Local\Programs\Python\Python313\Lib\site-packages\django\shortcuts.py", line 25, in render
    content = loader.render_to_string(template_name, context, request, using=using)
  File "C:\Users\ignac\AppData\Local\Programs\Python\Python313\Lib\site-packages\django\template\loader.py", line 62, in render_to_string
    return template.render(context, request)
           ~~~~~~~~~~~~~~~^^^^^^^^^^^^^^^^^^
  File "C:\Users\ignac\AppData\Local\Programs\Python\Python313\Lib\site-packages\django\template\backends\django.py", line 107, in render
    return self.template.render(context)
           ~~~~~~~~~~~~~~~~~~~~^^^^^^^^^
  File "C:\Users\ignac\AppData\Local\Programs\Python\Python313\Lib\site-packages\django\template\base.py", line 171, in render
    return self._render(context)
           ~~~~~~~~~~~~^^^^^^^^^
  File "C:\Users\ignac\AppData\Local\Programs\Python\Python313\Lib\site-packages\django\template\base.py", line 163, in _render
    return self.nodelist.render(context)
           ~~~~~~~~~~~~~~~~~~~~^^^^^^^^^
  File "C:\Users\ignac\AppData\Local\Programs\Python\Python313\Lib\site-packages\django\template\base.py", line 1016, in render
    return SafeString("".join([node.render_annotated(context) for node in self]))
                               ~~~~~~~~~~~~~~~~~~~~~^^^^^^^^^
  File "C:\Users\ignac\AppData\Local\Programs\Python\Python313\Lib\site-packages\django\template\base.py", line 977, in render_annotated
    return self.render(context)
           ~~~~~~~~~~~^^^^^^^^^
  File "C:\Users\ignac\AppData\Local\Programs\Python\Python313\Lib\site-packages\django\template\loader_tags.py", line 159, in render
    return compiled_parent._render(context)
           ~~~~~~~~~~~~~~~~~~~~~~~^^^^^^^^^
  File "C:\Users\ignac\AppData\Local\Programs\Python\Python313\Lib\site-packages\django\template\base.py", line 163, in _render
    return self.nodelist.render(context)
           ~~~~~~~~~~~~~~~~~~~~^^^^^^^^^
  File "C:\Users\ignac\AppData\Local\Programs\Python\Python313\Lib\site-packages\django\template\base.py", line 1016, in render
    return SafeString("".join([node.render_annotated(context) for node in self]))
                               ~~~~~~~~~~~~~~~~~~~~~^^^^^^^^^
  File "C:\Users\ignac\AppData\Local\Programs\Python\Python313\Lib\site-packages\django\template\base.py", line 977, in render_annotated
    return self.render(context)
           ~~~~~~~~~~~^^^^^^^^^
  File "C:\Users\ignac\AppData\Local\Programs\Python\Python313\Lib\site-packages\django\template\loader_tags.py", line 65, in render
    result = block.nodelist.render(context)
  File "C:\Users\ignac\AppData\Local\Programs\Python\Python313\Lib\site-packages\django\template\base.py", line 1016, in render
    return SafeString("".join([node.render_annotated(context) for node in self]))
                               ~~~~~~~~~~~~~~~~~~~~~^^^^^^^^^
  File "C:\Users\ignac\AppData\Local\Programs\Python\Python313\Lib\site-packages\django\template\base.py", line 977, in render_annotated
    return self.render(context)
           ~~~~~~~~~~~^^^^^^^^^
  File "C:\Users\ignac\AppData\Local\Programs\Python\Python313\Lib\site-packages\django\template\defaulttags.py", line 480, in render
    url = reverse(view_name, args=args, kwargs=kwargs, current_app=current_app)
  File "C:\Users\ignac\AppData\Local\Programs\Python\Python313\Lib\site-packages\django\urls\base.py", line 98, in reverse
    resolved_url = resolver._reverse_with_prefix(view, prefix, *args, **kwargs)
  File "C:\Users\ignac\AppData\Local\Programs\Python\Python313\Lib\site-packages\django\urls\resolvers.py", line 831, in _reverse_with_prefix
    raise NoReverseMatch(msg)
django.urls.exceptions.NoReverseMatch: Reverse for 'poliza_add' not found. 'poliza_add' is not a valid view function or pattern name.
ERROR 2025-06-24 12:35:13,850 basehttp 14964 18768 "GET /staff/emisiones/addPoliza/5/ HTTP/1.1" 500 173528
ERROR 2025-06-24 12:35:22,381 log 14964 18768 Internal Server Error: /staff/emisiones/addPoliza/4/
Traceback (most recent call last):
  File "C:\Users\ignac\AppData\Local\Programs\Python\Python313\Lib\site-packages\django\core\handlers\exception.py", line 55, in inner
    response = get_response(request)
  File "C:\Users\ignac\AppData\Local\Programs\Python\Python313\Lib\site-packages\django\core\handlers\base.py", line 197, in _get_response
    response = wrapped_callback(request, *callback_args, **callback_kwargs)
  File "C:\Users\ignac\AppData\Local\Programs\Python\Python313\Lib\site-packages\django\contrib\auth\decorators.py", line 59, in _view_wrapper
    return view_func(request, *args, **kwargs)
  File "C:\Users\ignac\OneDrive\Documentos\Django\novararey\EmisionesApp\views.py", line 254, in vista_add_poliza
    return render(req, 'EmisionesApp/poliza_add.html',
                  {"emision": emision,
    ...<2 lines>...
                   'PolizaRefacturacion': Poliza.PolizaRefacturacion.choices,
                   'numero_previa': numero_previa,})
  File "C:\Users\ignac\AppData\Local\Programs\Python\Python313\Lib\site-packages\django\shortcuts.py", line 25, in render
    content = loader.render_to_string(template_name, context, request, using=using)
  File "C:\Users\ignac\AppData\Local\Programs\Python\Python313\Lib\site-packages\django\template\loader.py", line 62, in render_to_string
    return template.render(context, request)
           ~~~~~~~~~~~~~~~^^^^^^^^^^^^^^^^^^
  File "C:\Users\ignac\AppData\Local\Programs\Python\Python313\Lib\site-packages\django\template\backends\django.py", line 107, in render
    return self.template.render(context)
           ~~~~~~~~~~~~~~~~~~~~^^^^^^^^^
  File "C:\Users\ignac\AppData\Local\Programs\Python\Python313\Lib\site-packages\django\template\base.py", line 171, in render
    return self._render(context)
           ~~~~~~~~~~~~^^^^^^^^^
  File "C:\Users\ignac\AppData\Local\Programs\Python\Python313\Lib\site-packages\django\template\base.py", line 163, in _render
    return self.nodelist.render(context)
           ~~~~~~~~~~~~~~~~~~~~^^^^^^^^^
  File "C:\Users\ignac\AppData\Local\Programs\Python\Python313\Lib\site-packages\django\template\base.py", line 1016, in render
    return SafeString("".join([node.render_annotated(context) for node in self]))
                               ~~~~~~~~~~~~~~~~~~~~~^^^^^^^^^
  File "C:\Users\ignac\AppData\Local\Programs\Python\Python313\Lib\site-packages\django\template\base.py", line 977, in render_annotated
    return self.render(context)
           ~~~~~~~~~~~^^^^^^^^^
  File "C:\Users\ignac\AppData\Local\Programs\Python\Python313\Lib\site-packages\django\template\loader_tags.py", line 159, in render
    return compiled_parent._render(context)
           ~~~~~~~~~~~~~~~~~~~~~~~^^^^^^^^^
  File "C:\Users\ignac\AppData\Local\Programs\Python\Python313\Lib\site-packages\django\template\base.py", line 163, in _render
    return self.nodelist.render(context)
           ~~~~~~~~~~~~~~~~~~~~^^^^^^^^^
  File "C:\Users\ignac\AppData\Local\Programs\Python\Python313\Lib\site-packages\django\template\base.py", line 1016, in render
    return SafeString("".join([node.render_annotated(context) for node in self]))
                               ~~~~~~~~~~~~~~~~~~~~~^^^^^^^^^
  File "C:\Users\ignac\AppData\Local\Programs\Python\Python313\Lib\site-packages\django\template\base.py", line 977, in render_annotated
    return self.render(context)
           ~~~~~~~~~~~^^^^^^^^^
  File "C:\Users\ignac\AppData\Local\Programs\Python\Python313\Lib\site-packages\django\template\loader_tags.py", line 65, in render
    result = block.nodelist.render(context)
  File "C:\Users\ignac\AppData\Local\Programs\Python\Python313\Lib\site-packages\django\template\base.py", line 1016, in render
    return SafeString("".join([node.render_annotated(context) for node in self]))
                               ~~~~~~~~~~~~~~~~~~~~~^^^^^^^^^
  File "C:\Users\ignac\AppData\Local\Programs\Python\Python313\Lib\site-packages\django\template\base.py", line 977, in render_annotated
    return self.render(context)
           ~~~~~~~~~~~^^^^^^^^^
  File "C:\Users\ignac\AppData\Local\Programs\Python\Python313\Lib\site-packages\django\template\defaulttags.py", line 480, in render
    url = reverse(view_name, args=args, kwargs=kwargs, current_app=current_app)
  File "C:\Users\ignac\AppData\Local\Programs\Python\Python313\Lib\site-packages\django\urls\base.py", line 98, in reverse
    resolved_url = resolver._reverse_with_prefix(view, prefix, *args, **kwargs)
  File "C:\Users\ignac\AppData\Local\Programs\Python\Python313\Lib\site-packages\django\urls\resolvers.py", line 831, in _reverse_with_prefix
    raise NoReverseMatch(msg)
django.urls.exceptions.NoReverseMatch: Reverse for 'poliza_add' not found. 'poliza_add' is not a valid view function or pattern name.
ERROR 2025-06-24 12:35:22,388 basehttp 14964 18768 "GET /staff/emisiones/addPoliza/4/ HTTP/1.1" 500 172484
INFO 2025-06-24 12:37:09,446 basehttp 14964 18768 "GET /staff/emisiones/list HTTP/1.1" 200 18987
INFO 2025-06-24 12:37:11,582 basehttp 14964 18768 "GET /staff/emisiones/addPoliza/5/ HTTP/1.1" 200 13457
WARNING 2025-06-24 12:37:42,088 log 14964 18768 Not Found: /staff/emisiones/addPoliza/5/
WARNING 2025-06-24 12:37:42,091 basehttp 14964 18768 "POST /staff/emisiones/addPoliza/5/ HTTP/1.1" 404 9894
INFO 2025-06-24 12:38:03,367 basehttp 14964 18768 "GET /admin/ HTTP/1.1" 200 28190
INFO 2025-06-24 12:38:14,116 basehttp 14964 18768 "GET /admin/EmisionesApp/emision/ HTTP/1.1" 200 24074
INFO 2025-06-24 12:38:14,382 basehttp 14964 18768 "GET /admin/jsi18n/ HTTP/1.1" 200 9282
INFO 2025-06-24 12:38:17,026 basehttp 14964 18768 "GET /admin/EmisionesApp/emision/5/change/ HTTP/1.1" 200 32922
INFO 2025-06-24 12:38:17,088 basehttp 14964 27544 "GET /static/admin/js/calendar.js HTTP/1.1" 304 0
INFO 2025-06-24 12:38:17,094 basehttp 14964 27544 "GET /static/admin/js/admin/DateTimeShortcuts.js HTTP/1.1" 304 0
INFO 2025-06-24 12:38:17,114 basehttp 14964 18768 "GET /admin/jsi18n/ HTTP/1.1" 200 9282
INFO 2025-06-24 12:38:17,245 basehttp 14964 18768 "GET /static/admin/img/icon-clock.svg HTTP/1.1" 304 0
INFO 2025-06-24 12:38:17,245 basehttp 14964 27544 "GET /static/admin/img/icon-calendar.svg HTTP/1.1" 304 0
INFO 2025-06-24 12:38:24,715 basehttp 14964 27544 "GET /admin/CotizacionesApp/cotizacion/5/change/?_to_field=id HTTP/1.1" 200 41681
INFO 2025-06-24 12:38:24,774 basehttp 14964 27544 "GET /admin/jsi18n/ HTTP/1.1" 200 9282
INFO 2025-06-24 12:40:50,419 basehttp 14964 27544 "GET /staff/emisiones/addPoliza/5/ HTTP/1.1" 200 13457
INFO 2025-06-24 12:41:28,296 autoreload 9716 12996 Watching for file changes with StatReloader
INFO 2025-06-24 12:41:32,796 basehttp 9716 26732 "GET /staff/emisiones/addPoliza/5/ HTTP/1.1" 200 13457
WARNING 2025-06-24 12:41:56,618 log 9716 7856 Not Found: /staff/emisiones/addPoliza/5/
WARNING 2025-06-24 12:41:56,620 basehttp 9716 7856 "POST /staff/emisiones/addPoliza/5/ HTTP/1.1" 404 9894
INFO 2025-06-24 12:43:25,085 basehttp 9716 7856 "GET /admin/ HTTP/1.1" 200 28190
INFO 2025-06-24 12:43:31,452 basehttp 9716 7856 "GET /admin/EmisionesApp/poliza/ HTTP/1.1" 200 22865
INFO 2025-06-24 12:43:31,546 basehttp 9716 7856 "GET /admin/jsi18n/ HTTP/1.1" 200 9282
INFO 2025-06-24 12:44:27,806 basehttp 9716 7856 "GET /staff/emisiones/addPoliza/5/ HTTP/1.1" 200 13418
INFO 2025-06-24 12:45:08,481 autoreload 9716 12996 C:\Users\ignac\OneDrive\Documentos\Django\NovaraRey\EmisionesApp\views.py changed, reloading.
INFO 2025-06-24 12:45:11,193 autoreload 2936 19872 Watching for file changes with StatReloader
INFO 2025-06-24 12:45:15,902 basehttp 2936 23136 "GET /staff/emisiones/addPoliza/5/ HTTP/1.1" 200 13418
WARNING 2025-06-24 12:45:41,293 log 2936 23136 Not Found: /staff/emisiones/addPoliza/5/
WARNING 2025-06-24 12:45:41,296 basehttp 2936 23136 "POST /staff/emisiones/addPoliza/5/ HTTP/1.1" 404 9894
INFO 2025-06-24 12:47:33,796 autoreload 2936 19872 C:\Users\ignac\OneDrive\Documentos\Django\NovaraRey\EmisionesApp\views.py changed, reloading.
INFO 2025-06-24 12:47:35,963 autoreload 16292 12784 Watching for file changes with StatReloader
ERROR 2025-06-24 12:47:50,659 log 16292 9864 Internal Server Error: /staff/emisiones/addPoliza/5/
Traceback (most recent call last):
  File "C:\Users\ignac\AppData\Local\Programs\Python\Python313\Lib\site-packages\django\core\handlers\exception.py", line 55, in inner
    response = get_response(request)
  File "C:\Users\ignac\AppData\Local\Programs\Python\Python313\Lib\site-packages\django\core\handlers\base.py", line 197, in _get_response
    response = wrapped_callback(request, *callback_args, **callback_kwargs)
  File "C:\Users\ignac\AppData\Local\Programs\Python\Python313\Lib\site-packages\django\contrib\auth\decorators.py", line 59, in _view_wrapper
    return view_func(request, *args, **kwargs)
  File "C:\Users\ignac\OneDrive\Documentos\Django\novararey\EmisionesApp\views.py", line 220, in vista_add_poliza
    new_poliza = Poliza.objects.create(
        numero = req.POST.get("pol_num_in"),
    ...<5 lines>...
        cant_cuotas = req.POST.get("pol_cuotas_in"),
        pol_previa = poliza_previa.numero if poliza_previa else None)
  File "C:\Users\ignac\AppData\Local\Programs\Python\Python313\Lib\site-packages\django\db\models\manager.py", line 87, in manager_method
    return getattr(self.get_queryset(), name)(*args, **kwargs)
           ~~~~~~~~~~~~~~~~~~~~~~~~~~~~~~~~~~^^^^^^^^^^^^^^^^^
  File "C:\Users\ignac\AppData\Local\Programs\Python\Python313\Lib\site-packages\django\db\models\query.py", line 663, in create
    obj.save(force_insert=True, using=self.db)
    ~~~~~~~~^^^^^^^^^^^^^^^^^^^^^^^^^^^^^^^^^^
  File "C:\Users\ignac\AppData\Local\Programs\Python\Python313\Lib\site-packages\django\db\models\base.py", line 902, in save
    self.save_base(
    ~~~~~~~~~~~~~~^
        using=using,
        ^^^^^^^^^^^^
    ...<2 lines>...
        update_fields=update_fields,
        ^^^^^^^^^^^^^^^^^^^^^^^^^^^^
    )
    ^
  File "C:\Users\ignac\AppData\Local\Programs\Python\Python313\Lib\site-packages\django\db\models\base.py", line 1008, in save_base
    updated = self._save_table(
        raw,
    ...<4 lines>...
        update_fields,
    )
  File "C:\Users\ignac\AppData\Local\Programs\Python\Python313\Lib\site-packages\django\db\models\base.py", line 1169, in _save_table
    results = self._do_insert(
        cls._base_manager, using, fields, returning_fields, raw
    )
  File "C:\Users\ignac\AppData\Local\Programs\Python\Python313\Lib\site-packages\django\db\models\base.py", line 1210, in _do_insert
    return manager._insert(
           ~~~~~~~~~~~~~~~^
        [self],
        ^^^^^^^
    ...<3 lines>...
        raw=raw,
        ^^^^^^^^
    )
    ^
  File "C:\Users\ignac\AppData\Local\Programs\Python\Python313\Lib\site-packages\django\db\models\manager.py", line 87, in manager_method
    return getattr(self.get_queryset(), name)(*args, **kwargs)
           ~~~~~~~~~~~~~~~~~~~~~~~~~~~~~~~~~~^^^^^^^^^^^^^^^^^
  File "C:\Users\ignac\AppData\Local\Programs\Python\Python313\Lib\site-packages\django\db\models\query.py", line 1854, in _insert
    return query.get_compiler(using=using).execute_sql(returning_fields)
           ~~~~~~~~~~~~~~~~~~~~~~~~~~~~~~~~~~~~~~~~~~~^^^^^^^^^^^^^^^^^^
  File "C:\Users\ignac\AppData\Local\Programs\Python\Python313\Lib\site-packages\django\db\models\sql\compiler.py", line 1880, in execute_sql
    for sql, params in self.as_sql():
                       ~~~~~~~~~~~^^
  File "C:\Users\ignac\AppData\Local\Programs\Python\Python313\Lib\site-packages\django\db\models\sql\compiler.py", line 1805, in as_sql
    self.prepare_value(field, self.pre_save_val(field, obj))
    ~~~~~~~~~~~~~~~~~~^^^^^^^^^^^^^^^^^^^^^^^^^^^^^^^^^^^^^^
  File "C:\Users\ignac\AppData\Local\Programs\Python\Python313\Lib\site-packages\django\db\models\sql\compiler.py", line 1740, in prepare_value
    return field.get_db_prep_save(value, connection=self.connection)
           ~~~~~~~~~~~~~~~~~~~~~~^^^^^^^^^^^^^^^^^^^^^^^^^^^^^^^^^^^
  File "C:\Users\ignac\AppData\Local\Programs\Python\Python313\Lib\site-packages\django\db\models\fields\__init__.py", line 1012, in get_db_prep_save
    return self.get_db_prep_value(value, connection=connection, prepared=False)
           ~~~~~~~~~~~~~~~~~~~~~~^^^^^^^^^^^^^^^^^^^^^^^^^^^^^^^^^^^^^^^^^^^^^^
  File "C:\Users\ignac\AppData\Local\Programs\Python\Python313\Lib\site-packages\django\db\models\fields\__init__.py", line 1683, in get_db_prep_value
    value = self.get_prep_value(value)
  File "C:\Users\ignac\AppData\Local\Programs\Python\Python313\Lib\site-packages\django\db\models\fields\__init__.py", line 1661, in get_prep_value
    value = super().get_prep_value(value)
  File "C:\Users\ignac\AppData\Local\Programs\Python\Python313\Lib\site-packages\django\db\models\fields\__init__.py", line 1537, in get_prep_value
    return self.to_python(value)
           ~~~~~~~~~~~~~~^^^^^^^
  File "C:\Users\ignac\AppData\Local\Programs\Python\Python313\Lib\site-packages\django\db\models\fields\__init__.py", line 1643, in to_python
    raise exceptions.ValidationError(
    ...<3 lines>...
    )
django.core.exceptions.ValidationError: ['“”: el valor tiene un formato inválido. Debería estar en el formato YYYY-MM-DD HH:MM[:ss[.uuuuuu]][TZ].']
ERROR 2025-06-24 12:47:50,681 basehttp 16292 9864 "POST /staff/emisiones/addPoliza/5/ HTTP/1.1" 500 155937
INFO 2025-06-24 12:48:41,007 basehttp 16292 9864 "GET /admin/EmisionesApp/poliza/ HTTP/1.1" 200 22865
INFO 2025-06-24 12:48:41,152 basehttp 16292 9864 "GET /admin/jsi18n/ HTTP/1.1" 200 9282
INFO 2025-06-24 12:49:37,738 autoreload 16292 12784 C:\Users\ignac\OneDrive\Documentos\Django\NovaraRey\EmisionesApp\views.py changed, reloading.
INFO 2025-06-24 12:49:39,518 autoreload 27552 27588 Watching for file changes with StatReloader
ERROR 2025-06-24 12:49:50,708 log 27552 16780 Internal Server Error: /staff/emisiones/addPoliza/5/
Traceback (most recent call last):
  File "C:\Users\ignac\AppData\Local\Programs\Python\Python313\Lib\site-packages\django\core\handlers\exception.py", line 55, in inner
    response = get_response(request)
  File "C:\Users\ignac\AppData\Local\Programs\Python\Python313\Lib\site-packages\django\core\handlers\base.py", line 197, in _get_response
    response = wrapped_callback(request, *callback_args, **callback_kwargs)
  File "C:\Users\ignac\AppData\Local\Programs\Python\Python313\Lib\site-packages\django\contrib\auth\decorators.py", line 59, in _view_wrapper
    return view_func(request, *args, **kwargs)
  File "C:\Users\ignac\OneDrive\Documentos\Django\novararey\EmisionesApp\views.py", line 220, in vista_add_poliza
    new_poliza = Poliza.objects.create(
        numero = req.POST.get("pol_num_in"),
    ...<5 lines>...
        cant_cuotas = req.POST.get("pol_cuotas_in"),
        pol_previa = poliza_previa.numero if poliza_previa else None)
  File "C:\Users\ignac\AppData\Local\Programs\Python\Python313\Lib\site-packages\django\db\models\manager.py", line 87, in manager_method
    return getattr(self.get_queryset(), name)(*args, **kwargs)
           ~~~~~~~~~~~~~~~~~~~~~~~~~~~~~~~~~~^^^^^^^^^^^^^^^^^
  File "C:\Users\ignac\AppData\Local\Programs\Python\Python313\Lib\site-packages\django\db\models\query.py", line 663, in create
    obj.save(force_insert=True, using=self.db)
    ~~~~~~~~^^^^^^^^^^^^^^^^^^^^^^^^^^^^^^^^^^
  File "C:\Users\ignac\AppData\Local\Programs\Python\Python313\Lib\site-packages\django\db\models\base.py", line 902, in save
    self.save_base(
    ~~~~~~~~~~~~~~^
        using=using,
        ^^^^^^^^^^^^
    ...<2 lines>...
        update_fields=update_fields,
        ^^^^^^^^^^^^^^^^^^^^^^^^^^^^
    )
    ^
  File "C:\Users\ignac\AppData\Local\Programs\Python\Python313\Lib\site-packages\django\db\models\base.py", line 1008, in save_base
    updated = self._save_table(
        raw,
    ...<4 lines>...
        update_fields,
    )
  File "C:\Users\ignac\AppData\Local\Programs\Python\Python313\Lib\site-packages\django\db\models\base.py", line 1169, in _save_table
    results = self._do_insert(
        cls._base_manager, using, fields, returning_fields, raw
    )
  File "C:\Users\ignac\AppData\Local\Programs\Python\Python313\Lib\site-packages\django\db\models\base.py", line 1210, in _do_insert
    return manager._insert(
           ~~~~~~~~~~~~~~~^
        [self],
        ^^^^^^^
    ...<3 lines>...
        raw=raw,
        ^^^^^^^^
    )
    ^
  File "C:\Users\ignac\AppData\Local\Programs\Python\Python313\Lib\site-packages\django\db\models\manager.py", line 87, in manager_method
    return getattr(self.get_queryset(), name)(*args, **kwargs)
           ~~~~~~~~~~~~~~~~~~~~~~~~~~~~~~~~~~^^^^^^^^^^^^^^^^^
  File "C:\Users\ignac\AppData\Local\Programs\Python\Python313\Lib\site-packages\django\db\models\query.py", line 1854, in _insert
    return query.get_compiler(using=using).execute_sql(returning_fields)
           ~~~~~~~~~~~~~~~~~~~~~~~~~~~~~~~~~~~~~~~~~~~^^^^^^^^^^^^^^^^^^
  File "C:\Users\ignac\AppData\Local\Programs\Python\Python313\Lib\site-packages\django\db\models\sql\compiler.py", line 1880, in execute_sql
    for sql, params in self.as_sql():
                       ~~~~~~~~~~~^^
  File "C:\Users\ignac\AppData\Local\Programs\Python\Python313\Lib\site-packages\django\db\models\sql\compiler.py", line 1805, in as_sql
    self.prepare_value(field, self.pre_save_val(field, obj))
    ~~~~~~~~~~~~~~~~~~^^^^^^^^^^^^^^^^^^^^^^^^^^^^^^^^^^^^^^
  File "C:\Users\ignac\AppData\Local\Programs\Python\Python313\Lib\site-packages\django\db\models\sql\compiler.py", line 1740, in prepare_value
    return field.get_db_prep_save(value, connection=self.connection)
           ~~~~~~~~~~~~~~~~~~~~~~^^^^^^^^^^^^^^^^^^^^^^^^^^^^^^^^^^^
  File "C:\Users\ignac\AppData\Local\Programs\Python\Python313\Lib\site-packages\django\db\models\fields\__init__.py", line 1012, in get_db_prep_save
    return self.get_db_prep_value(value, connection=connection, prepared=False)
           ~~~~~~~~~~~~~~~~~~~~~~^^^^^^^^^^^^^^^^^^^^^^^^^^^^^^^^^^^^^^^^^^^^^^
  File "C:\Users\ignac\AppData\Local\Programs\Python\Python313\Lib\site-packages\django\db\models\fields\__init__.py", line 1683, in get_db_prep_value
    value = self.get_prep_value(value)
  File "C:\Users\ignac\AppData\Local\Programs\Python\Python313\Lib\site-packages\django\db\models\fields\__init__.py", line 1661, in get_prep_value
    value = super().get_prep_value(value)
  File "C:\Users\ignac\AppData\Local\Programs\Python\Python313\Lib\site-packages\django\db\models\fields\__init__.py", line 1537, in get_prep_value
    return self.to_python(value)
           ~~~~~~~~~~~~~~^^^^^^^
  File "C:\Users\ignac\AppData\Local\Programs\Python\Python313\Lib\site-packages\django\db\models\fields\__init__.py", line 1643, in to_python
    raise exceptions.ValidationError(
    ...<3 lines>...
    )
django.core.exceptions.ValidationError: ['“”: el valor tiene un formato inválido. Debería estar en el formato YYYY-MM-DD HH:MM[:ss[.uuuuuu]][TZ].']
ERROR 2025-06-24 12:49:50,721 basehttp 27552 16780 "POST /staff/emisiones/addPoliza/5/ HTTP/1.1" 500 155943
INFO 2025-06-24 12:59:36,016 autoreload 27552 27588 C:\Users\ignac\OneDrive\Documentos\Django\NovaraRey\EmisionesApp\views.py changed, reloading.
INFO 2025-06-24 12:59:39,405 autoreload 22856 27108 Watching for file changes with StatReloader
INFO 2025-06-24 12:59:47,201 basehttp 22856 20936 "POST /staff/emisiones/addPoliza/5/ HTTP/1.1" 302 0
ERROR 2025-06-24 12:59:47,291 log 22856 20936 Internal Server Error: /staff/emisiones/listpolizas
Traceback (most recent call last):
  File "C:\Users\ignac\AppData\Local\Programs\Python\Python313\Lib\site-packages\django\core\handlers\exception.py", line 55, in inner
    response = get_response(request)
  File "C:\Users\ignac\AppData\Local\Programs\Python\Python313\Lib\site-packages\django\core\handlers\base.py", line 204, in _get_response
    self.check_response(response, callback)
    ~~~~~~~~~~~~~~~~~~~^^^^^^^^^^^^^^^^^^^^
  File "C:\Users\ignac\AppData\Local\Programs\Python\Python313\Lib\site-packages\django\core\handlers\base.py", line 332, in check_response
    raise ValueError(
    ...<2 lines>...
    )
ValueError: The view EmisionesApp.views.vista_list_polizas didn't return an HttpResponse object. It returned None instead.
ERROR 2025-06-24 12:59:47,294 basehttp 22856 20936 "GET /staff/emisiones/listpolizas HTTP/1.1" 500 67398
INFO 2025-06-24 13:00:04,726 basehttp 22856 20936 "GET /admin/EmisionesApp/poliza/ HTTP/1.1" 200 23162
INFO 2025-06-24 13:00:04,838 basehttp 22856 20936 "GET /admin/jsi18n/ HTTP/1.1" 200 9282
INFO 2025-06-24 13:00:34,992 basehttp 22856 20936 "GET /staff/emisiones/verPoliza/2/ HTTP/1.1" 200 21905
INFO 2025-06-24 13:00:42,329 basehttp 22856 20936 "GET /staff/emisiones/verPoliza/3/ HTTP/1.1" 200 20477
INFO 2025-06-24 14:12:50,370 basehttp 22856 3204 "GET /staff/emisiones/verPoliza/3/ HTTP/1.1" 302 0
INFO 2025-06-24 14:12:50,559 basehttp 22856 3204 "GET /login/login/?next=/staff/emisiones/verPoliza/3/ HTTP/1.1" 200 6804
INFO 2025-06-24 14:12:51,077 basehttp 22856 3204 "GET /static/css/styles.css HTTP/1.1" 304 0
INFO 2025-06-24 14:12:59,803 basehttp 22856 22300 "POST /login/login/?next=/staff/emisiones/verPoliza/3/ HTTP/1.1" 302 0
INFO 2025-06-24 14:12:59,920 basehttp 22856 22300 "GET /staff/emisiones/verPoliza/3/ HTTP/1.1" 200 20422
INFO 2025-06-24 14:15:32,802 basehttp 22856 27016 "GET /staff/emisiones/verPoliza/3/ HTTP/1.1" 200 20462
INFO 2025-06-24 14:15:55,781 basehttp 22856 7252 "POST /staff/emisiones/editEndoso/3/ HTTP/1.1" 302 0
INFO 2025-06-24 14:15:55,941 basehttp 22856 7252 "GET /staff/emisiones/verPoliza/3/ HTTP/1.1" 200 20569
INFO 2025-06-24 14:27:07,440 autoreload 22856 27108 C:\Users\ignac\OneDrive\Documentos\Django\NovaraRey\EmisionesApp\views.py changed, reloading.
INFO 2025-06-24 14:27:13,284 autoreload 20604 17424 Watching for file changes with StatReloader
ERROR 2025-06-24 14:27:19,299 log 20604 26224 Internal Server Error: /staff/emisiones/verPoliza/3/
Traceback (most recent call last):
  File "C:\Users\ignac\AppData\Local\Programs\Python\Python313\Lib\site-packages\django\core\handlers\exception.py", line 55, in inner
    response = get_response(request)
  File "C:\Users\ignac\AppData\Local\Programs\Python\Python313\Lib\site-packages\django\core\handlers\base.py", line 197, in _get_response
    response = wrapped_callback(request, *callback_args, **callback_kwargs)
  File "C:\Users\ignac\AppData\Local\Programs\Python\Python313\Lib\site-packages\django\contrib\auth\decorators.py", line 59, in _view_wrapper
    return view_func(request, *args, **kwargs)
  File "C:\Users\ignac\OneDrive\Documentos\Django\novararey\EmisionesApp\views.py", line 273, in vista_ver_poliza
    return render(req, 'EmisionesApp/poliza_view.html', {
        'poliza': poliza,
        'endosos': endosos,
        'docs_emision'  : docs_emision,
    })
  File "C:\Users\ignac\AppData\Local\Programs\Python\Python313\Lib\site-packages\django\shortcuts.py", line 25, in render
    content = loader.render_to_string(template_name, context, request, using=using)
  File "C:\Users\ignac\AppData\Local\Programs\Python\Python313\Lib\site-packages\django\template\loader.py", line 62, in render_to_string
    return template.render(context, request)
           ~~~~~~~~~~~~~~~^^^^^^^^^^^^^^^^^^
  File "C:\Users\ignac\AppData\Local\Programs\Python\Python313\Lib\site-packages\django\template\backends\django.py", line 107, in render
    return self.template.render(context)
           ~~~~~~~~~~~~~~~~~~~~^^^^^^^^^
  File "C:\Users\ignac\AppData\Local\Programs\Python\Python313\Lib\site-packages\django\template\base.py", line 171, in render
    return self._render(context)
           ~~~~~~~~~~~~^^^^^^^^^
  File "C:\Users\ignac\AppData\Local\Programs\Python\Python313\Lib\site-packages\django\template\base.py", line 163, in _render
    return self.nodelist.render(context)
           ~~~~~~~~~~~~~~~~~~~~^^^^^^^^^
  File "C:\Users\ignac\AppData\Local\Programs\Python\Python313\Lib\site-packages\django\template\base.py", line 1016, in render
    return SafeString("".join([node.render_annotated(context) for node in self]))
                               ~~~~~~~~~~~~~~~~~~~~~^^^^^^^^^
  File "C:\Users\ignac\AppData\Local\Programs\Python\Python313\Lib\site-packages\django\template\base.py", line 977, in render_annotated
    return self.render(context)
           ~~~~~~~~~~~^^^^^^^^^
  File "C:\Users\ignac\AppData\Local\Programs\Python\Python313\Lib\site-packages\django\template\loader_tags.py", line 159, in render
    return compiled_parent._render(context)
           ~~~~~~~~~~~~~~~~~~~~~~~^^^^^^^^^
  File "C:\Users\ignac\AppData\Local\Programs\Python\Python313\Lib\site-packages\django\template\base.py", line 163, in _render
    return self.nodelist.render(context)
           ~~~~~~~~~~~~~~~~~~~~^^^^^^^^^
  File "C:\Users\ignac\AppData\Local\Programs\Python\Python313\Lib\site-packages\django\template\base.py", line 1016, in render
    return SafeString("".join([node.render_annotated(context) for node in self]))
                               ~~~~~~~~~~~~~~~~~~~~~^^^^^^^^^
  File "C:\Users\ignac\AppData\Local\Programs\Python\Python313\Lib\site-packages\django\template\base.py", line 977, in render_annotated
    return self.render(context)
           ~~~~~~~~~~~^^^^^^^^^
  File "C:\Users\ignac\AppData\Local\Programs\Python\Python313\Lib\site-packages\django\template\loader_tags.py", line 65, in render
    result = block.nodelist.render(context)
  File "C:\Users\ignac\AppData\Local\Programs\Python\Python313\Lib\site-packages\django\template\base.py", line 1016, in render
    return SafeString("".join([node.render_annotated(context) for node in self]))
                               ~~~~~~~~~~~~~~~~~~~~~^^^^^^^^^
  File "C:\Users\ignac\AppData\Local\Programs\Python\Python313\Lib\site-packages\django\template\base.py", line 977, in render_annotated
    return self.render(context)
           ~~~~~~~~~~~^^^^^^^^^
  File "C:\Users\ignac\AppData\Local\Programs\Python\Python313\Lib\site-packages\django\template\defaulttags.py", line 480, in render
    url = reverse(view_name, args=args, kwargs=kwargs, current_app=current_app)
  File "C:\Users\ignac\AppData\Local\Programs\Python\Python313\Lib\site-packages\django\urls\base.py", line 98, in reverse
    resolved_url = resolver._reverse_with_prefix(view, prefix, *args, **kwargs)
  File "C:\Users\ignac\AppData\Local\Programs\Python\Python313\Lib\site-packages\django\urls\resolvers.py", line 831, in _reverse_with_prefix
    raise NoReverseMatch(msg)
django.urls.exceptions.NoReverseMatch: Reverse for 'modificar_poliza' not found. 'modificar_poliza' is not a valid view function or pattern name.
ERROR 2025-06-24 14:27:19,317 basehttp 20604 26224 "GET /staff/emisiones/verPoliza/3/ HTTP/1.1" 500 177165
INFO 2025-06-24 14:27:35,063 autoreload 20604 17424 C:\Users\ignac\OneDrive\Documentos\Django\NovaraRey\EmisionesApp\urls.py changed, reloading.
INFO 2025-06-24 14:27:39,054 autoreload 9584 15484 Watching for file changes with StatReloader
INFO 2025-06-24 14:27:44,253 basehttp 9584 14420 "GET /staff/emisiones/verPoliza/3/ HTTP/1.1" 200 23049
INFO 2025-06-24 14:29:06,822 basehttp 9584 18744 "GET /staff/emisiones/verPoliza/3/ HTTP/1.1" 200 23054
INFO 2025-06-24 14:30:21,428 basehttp 9584 27620 "GET /staff/emisiones/verPoliza/3/ HTTP/1.1" 200 23074
INFO 2025-06-24 14:30:56,021 basehttp 9584 12560 "GET /staff/emisiones/verPoliza/3/ HTTP/1.1" 200 23075
INFO 2025-06-24 14:31:28,528 basehttp 9584 25464 "GET /staff/emisiones/verPoliza/3/ HTTP/1.1" 200 23075
INFO 2025-06-24 14:34:51,051 basehttp 9584 7060 "GET /staff/emisiones/verPoliza/3/ HTTP/1.1" 200 23074
INFO 2025-06-24 14:36:12,967 basehttp 9584 7060 "GET /staff/emisiones/verPoliza/3/ HTTP/1.1" 200 23073
INFO 2025-06-24 14:37:32,472 basehttp 9584 7060 "GET /staff/emisiones/verPoliza/3/ HTTP/1.1" 200 23073
INFO 2025-06-24 14:39:01,879 autoreload 9584 15484 C:\Users\ignac\OneDrive\Documentos\Django\NovaraRey\EmisionesApp\models.py changed, reloading.
INFO 2025-06-24 14:39:04,369 autoreload 20260 24468 Watching for file changes with StatReloader
INFO 2025-06-24 14:39:59,342 basehttp 20260 3548 "GET /staff/emisiones/verPoliza/3/ HTTP/1.1" 200 23075
INFO 2025-06-24 14:41:07,074 basehttp 20260 24316 "POST /staff/emisiones/poliza/modificar/3/ HTTP/1.1" 302 0
INFO 2025-06-24 14:41:07,245 basehttp 20260 24316 "GET /staff/emisiones/verPoliza/3/ HTTP/1.1" 200 24141
INFO 2025-06-24 14:44:18,152 autoreload 20260 24468 C:\Users\ignac\OneDrive\Documentos\Django\NovaraRey\EmisionesApp\views.py changed, reloading.
INFO 2025-06-24 14:44:21,480 autoreload 9752 16284 Watching for file changes with StatReloader
INFO 2025-06-24 14:45:40,722 autoreload 9752 16284 C:\Users\ignac\OneDrive\Documentos\Django\NovaraRey\EmisionesApp\views.py changed, reloading.
INFO 2025-06-24 14:45:42,742 autoreload 28384 27036 Watching for file changes with StatReloader
INFO 2025-06-24 20:16:55,006 basehttp 28384 14048 "GET /staff/emisiones/verPoliza/2/ HTTP/1.1" 302 0
INFO 2025-06-24 20:16:55,140 basehttp 28384 14048 "GET /login/login/?next=/staff/emisiones/verPoliza/2/ HTTP/1.1" 200 6804
INFO 2025-06-24 20:16:55,320 basehttp 28384 14048 "GET /static/css/styles.css HTTP/1.1" 304 0
INFO 2025-06-24 20:17:03,523 basehttp 28384 19388 "POST /login/login/?next=/staff/emisiones/verPoliza/2/ HTTP/1.1" 302 0
INFO 2025-06-24 20:17:03,704 basehttp 28384 19388 "GET /staff/emisiones/verPoliza/2/ HTTP/1.1" 200 24489
INFO 2025-06-24 20:19:08,308 basehttp 28384 6844 "GET /staff/emisiones/verPoliza/2/ HTTP/1.1" 200 24468
INFO 2025-06-24 20:19:57,003 basehttp 28384 22608 "GET /staff/emisiones/verPoliza/2/ HTTP/1.1" 200 24447
INFO 2025-06-24 20:21:39,995 basehttp 28384 1888 "GET /staff/dashboard/ HTTP/1.1" 200 13555
WARNING 2025-06-24 20:21:40,136 basehttp 28384 1888 "GET /static/css/staff.css HTTP/1.1" 404 1853
INFO 2025-06-24 20:28:48,498 autoreload 28384 27036 C:\Users\ignac\OneDrive\Documentos\Django\NovaraRey\EmisionesApp\views.py changed, reloading.
INFO 2025-06-24 20:28:53,167 autoreload 2024 24596 Watching for file changes with StatReloader
INFO 2025-06-25 19:45:52,726 autoreload 5800 10992 Watching for file changes with StatReloader
INFO 2025-06-25 19:46:04,682 basehttp 5800 14472 "GET /admin/ HTTP/1.1" 302 0
INFO 2025-06-25 19:46:04,952 basehttp 5800 14472 "GET /admin/login/?next=/admin/ HTTP/1.1" 200 4249
INFO 2025-06-25 19:46:05,102 basehttp 5800 14472 "GET /static/admin/css/login.css HTTP/1.1" 200 951
INFO 2025-06-25 19:46:07,669 basehttp 5800 13020 "GET / HTTP/1.1" 200 6168
INFO 2025-06-25 19:46:07,688 basehttp 5800 13020 "GET /static/css/styles.css HTTP/1.1" 304 0
INFO 2025-06-25 19:46:07,723 basehttp 5800 13020 "GET /media/logos/tuem%20sin%20fondo.png HTTP/1.1" 304 0
INFO 2025-06-25 19:46:07,727 basehttp 5800 13020 "GET /media/logos/Logo%20Membrete%20sin%20fondo%20mini.png HTTP/1.1" 304 0
INFO 2025-06-25 19:46:07,747 basehttp 5800 13020 "GET /static/img/fondo%20encabezado.jpg HTTP/1.1" 304 0
WARNING 2025-06-25 19:46:08,330 log 5800 13020 Not Found: /favicon.ico
WARNING 2025-06-25 19:46:08,331 basehttp 5800 13020 "GET /favicon.ico HTTP/1.1" 404 3960
INFO 2025-06-25 19:46:11,563 basehttp 5800 13020 "GET /staff/ HTTP/1.1" 302 0
INFO 2025-06-25 19:46:11,627 basehttp 5800 13020 "GET /login/login/?next=/staff/ HTTP/1.1" 200 6804
INFO 2025-06-25 19:46:16,520 basehttp 5800 13020 "POST /login/login/?next=/staff/ HTTP/1.1" 302 0
INFO 2025-06-25 19:46:16,551 basehttp 5800 13020 "GET /staff/ HTTP/1.1" 302 0
INFO 2025-06-25 19:46:16,701 basehttp 5800 13020 "GET /staff/dashboard/ HTTP/1.1" 200 13555
WARNING 2025-06-25 19:46:16,745 basehttp 5800 13020 "GET /static/css/staff.css HTTP/1.1" 404 1853
INFO 2025-06-25 19:46:19,900 basehttp 5800 1768 "GET /staff/emisiones/list HTTP/1.1" 200 18993
INFO 2025-06-25 19:46:25,120 basehttp 5800 1768 "GET /staff/emisiones/listpolizas HTTP/1.1" 200 11605
INFO 2025-06-25 19:47:47,420 basehttp 5800 6480 "GET /staff/emisiones/listpolizas HTTP/1.1" 200 11610
WARNING 2025-06-25 19:48:08,483 log 5800 3080 Not Found: /.well-known/appspecific/com.chrome.devtools.json
WARNING 2025-06-25 19:48:08,485 basehttp 5800 3080 "GET /.well-known/appspecific/com.chrome.devtools.json HTTP/1.1" 404 4071
WARNING 2025-06-25 19:49:01,847 log 5800 28460 Not Found: /.well-known/appspecific/com.chrome.devtools.json
WARNING 2025-06-25 19:49:01,849 basehttp 5800 28460 "GET /.well-known/appspecific/com.chrome.devtools.json HTTP/1.1" 404 4071
INFO 2025-06-25 19:50:23,344 basehttp 5800 2176 "GET /staff/emisiones/listpolizas HTTP/1.1" 200 11595
INFO 2025-06-25 19:51:54,049 basehttp 5800 9188 "GET /staff/emisiones/listpolizas HTTP/1.1" 200 11609
INFO 2025-06-25 19:53:35,062 basehttp 5800 24404 "GET /staff/emisiones/listpolizas HTTP/1.1" 200 11729
INFO 2025-06-25 19:54:20,226 basehttp 5800 28272 "GET /staff/emisiones/listpolizas HTTP/1.1" 200 11748
INFO 2025-06-25 19:54:28,264 basehttp 5800 14652 "GET /staff/emisiones/listpolizas HTTP/1.1" 200 11748
INFO 2025-06-25 19:55:45,136 basehttp 5800 5672 "GET /staff/emisiones/listpolizas HTTP/1.1" 200 11789
INFO 2025-06-25 19:56:50,402 basehttp 5800 5672 "GET /staff/emisiones/listpolizas HTTP/1.1" 200 11798
INFO 2025-06-25 19:58:37,245 basehttp 5800 5672 "GET /staff/emisiones/listpolizas HTTP/1.1" 200 11823
INFO 2025-06-25 20:00:09,917 basehttp 5800 27428 "GET /staff/emisiones/listpolizas HTTP/1.1" 200 11851
INFO 2025-06-25 20:29:49,355 basehttp 5800 20372 "GET /staff/emisiones/listpolizas HTTP/1.1" 200 12076
INFO 2025-06-25 20:30:35,697 basehttp 5800 5000 "GET /staff/emisiones/listpolizas HTTP/1.1" 200 12097
INFO 2025-06-25 20:30:53,574 basehttp 5800 25672 "GET /staff/emisiones/listpolizas HTTP/1.1" 200 12097
INFO 2025-06-25 20:33:12,321 autoreload 5800 10992 C:\Users\ignac\OneDrive\Documentos\Django\NovaraRey\EmisionesApp\views.py changed, reloading.
INFO 2025-06-25 20:33:13,954 autoreload 9856 2288 Watching for file changes with StatReloader
INFO 2025-06-25 20:33:19,131 basehttp 9856 2612 "GET /staff/emisiones/listpolizas HTTP/1.1" 200 12262
INFO 2025-06-25 20:34:02,145 autoreload 9856 2288 C:\Users\ignac\OneDrive\Documentos\Django\NovaraRey\EmisionesApp\views.py changed, reloading.
INFO 2025-06-25 20:34:03,141 autoreload 12744 25628 Watching for file changes with StatReloader
INFO 2025-06-25 20:34:51,151 basehttp 12744 2088 "GET /staff/emisiones/listpolizas HTTP/1.1" 200 12307
INFO 2025-06-25 20:35:22,688 basehttp 12744 26692 "GET /staff/emisiones/listpolizas HTTP/1.1" 200 12307
INFO 2025-06-25 20:35:36,439 basehttp 12744 14984 "GET /staff/emisiones/listpolizas?fil_status=V&fil_nombre=&fil_nro_poliza=&fil_modelo=&fil_patente=&fil_dias_vencimiento= HTTP/1.1" 200 12307
INFO 2025-06-25 20:36:05,237 basehttp 12744 18216 "GET /staff/emisiones/listpolizas?fil_status=A&fil_nombre=&fil_nro_poliza=&fil_modelo=&fil_patente=&fil_dias_vencimiento= HTTP/1.1" 200 12307
INFO 2025-06-25 20:36:14,961 basehttp 12744 26648 "GET /staff/emisiones/listpolizas?fil_status=X&fil_nombre=&fil_nro_poliza=&fil_modelo=&fil_patente=&fil_dias_vencimiento= HTTP/1.1" 200 12307
INFO 2025-06-25 20:36:21,654 basehttp 12744 9952 "GET /staff/emisiones/listpolizas?fil_status=ALL&fil_nombre=&fil_nro_poliza=&fil_modelo=&fil_patente=&fil_dias_vencimiento= HTTP/1.1" 200 12307
INFO 2025-06-25 20:37:21,449 autoreload 12744 25628 C:\Users\ignac\OneDrive\Documentos\Django\NovaraRey\EmisionesApp\views.py changed, reloading.
INFO 2025-06-25 20:37:22,594 autoreload 7244 15508 Watching for file changes with StatReloader
INFO 2025-06-25 20:37:25,692 basehttp 7244 24192 "GET /staff/emisiones/listpolizas?fil_status=ALL&fil_nombre=&fil_nro_poliza=&fil_modelo=&fil_patente=&fil_dias_vencimiento= HTTP/1.1" 200 12307
INFO 2025-06-25 20:37:29,136 basehttp 7244 11004 "GET /staff/emisiones/listpolizas?fil_status=V&fil_nombre=&fil_nro_poliza=&fil_modelo=&fil_patente=&fil_dias_vencimiento= HTTP/1.1" 200 12315
INFO 2025-06-25 20:37:32,818 basehttp 7244 11004 "GET /staff/emisiones/listpolizas?fil_status=X&fil_nombre=&fil_nro_poliza=&fil_modelo=&fil_patente=&fil_dias_vencimiento= HTTP/1.1" 200 12315
INFO 2025-06-25 20:38:27,894 autoreload 7244 15508 C:\Users\ignac\OneDrive\Documentos\Django\NovaraRey\EmisionesApp\views.py changed, reloading.
INFO 2025-06-25 20:38:28,952 autoreload 4692 27116 Watching for file changes with StatReloader
INFO 2025-06-25 20:41:43,526 autoreload 4692 27116 C:\Users\ignac\OneDrive\Documentos\Django\NovaraRey\EmisionesApp\views.py changed, reloading.
INFO 2025-06-25 20:41:44,554 autoreload 28204 13356 Watching for file changes with StatReloader
INFO 2025-06-25 20:41:47,894 basehttp 28204 21972 "GET /staff/emisiones/listpolizas?fil_status=X&fil_nombre=&fil_nro_poliza=&fil_modelo=&fil_patente=&fil_dias_vencimiento= HTTP/1.1" 200 13261
INFO 2025-06-25 20:41:59,195 basehttp 28204 2892 "GET /staff/emisiones/listpolizas?fil_status=X&fil_nombre=&fil_nro_poliza=&fil_rubro=1&fil_modelo=&fil_patente=&fil_dias_vencimiento= HTTP/1.1" 200 13261
INFO 2025-06-25 20:42:45,705 basehttp 28204 8396 "GET /staff/emisiones/listpolizas?fil_status=X&fil_nombre=&fil_nro_poliza=&fil_rubro=1&fil_modelo=&fil_patente=&fil_dias_vencimiento= HTTP/1.1" 200 13302
INFO 2025-06-25 20:42:48,463 basehttp 28204 9096 "GET /staff/emisiones/listpolizas?fil_status=X&fil_nombre=&fil_nro_poliza=&fil_rubro=0&fil_modelo=&fil_patente=&fil_dias_vencimiento= HTTP/1.1" 200 13302
INFO 2025-06-25 20:42:53,994 basehttp 28204 9096 "GET /staff/emisiones/listpolizas?fil_status=X&fil_nombre=&fil_nro_poliza=&fil_rubro=1&fil_modelo=&fil_patente=&fil_dias_vencimiento= HTTP/1.1" 200 13302
INFO 2025-06-25 20:43:15,879 basehttp 28204 28352 "GET /staff/emisiones/listpolizas?fil_status=X&fil_nombre=&fil_nro_poliza=&fil_rubro=8&fil_modelo=&fil_patente=&fil_dias_vencimiento= HTTP/1.1" 200 13302
INFO 2025-06-25 20:43:59,300 autoreload 28204 13356 C:\Users\ignac\OneDrive\Documentos\Django\NovaraRey\EmisionesApp\views.py changed, reloading.
INFO 2025-06-25 20:44:00,297 autoreload 11604 9532 Watching for file changes with StatReloader
INFO 2025-06-25 20:44:03,769 basehttp 11604 28124 "GET /staff/emisiones/listpolizas?fil_status=X&fil_nombre=&fil_nro_poliza=&fil_rubro=0&fil_modelo=&fil_patente=&fil_dias_vencimiento= HTTP/1.1" 200 13302
INFO 2025-06-25 20:44:09,021 basehttp 11604 17844 "GET /staff/emisiones/listpolizas?fil_status=X&fil_nombre=&fil_nro_poliza=&fil_rubro=3&fil_modelo=&fil_patente=&fil_dias_vencimiento= HTTP/1.1" 200 13310
INFO 2025-06-25 20:44:14,667 basehttp 11604 17844 "GET /staff/emisiones/listpolizas?fil_status=X&fil_nombre=&fil_nro_poliza=&fil_rubro=6&fil_modelo=&fil_patente=&fil_dias_vencimiento= HTTP/1.1" 200 13310
INFO 2025-06-25 20:46:03,117 basehttp 11604 17992 "GET /staff/emisiones/listpolizas?fil_status=X&fil_nombre=&fil_nro_poliza=&fil_rubro=6&fil_modelo=&fil_patente=&fil_dias_vencimiento= HTTP/1.1" 200 13310
INFO 2025-06-25 20:47:35,831 basehttp 11604 15216 "GET /staff/emisiones/listpolizas?fil_status=X&fil_nombre=&fil_nro_poliza=&fil_rubro=6&fil_modelo=&fil_patente=&fil_dias_vencimiento= HTTP/1.1" 200 13456
INFO 2025-06-25 20:50:58,925 basehttp 11604 20168 "GET /staff/emisiones/listpolizas?fil_status=X&fil_nombre=&fil_nro_poliza=&fil_rubro=6&fil_modelo=&fil_patente=&fil_dias_vencimiento= HTTP/1.1" 200 14173
INFO 2025-06-25 20:51:22,261 basehttp 11604 10300 "GET /staff/emisiones/listpolizas?fil_status=ALL&fil_nombre=&fil_nro_poliza=&fil_rubro=0&fil_modelo=&fil_patente=&fil_dias_vencimiento= HTTP/1.1" 200 14157
INFO 2025-06-25 20:51:48,848 basehttp 11604 22956 "GET /staff/emisiones/listpolizas?fil_status=ALL&fil_nombre=asddd&fil_nro_poliza=&fil_rubro=0&fil_modelo=&fil_patente=&fil_dias_vencimiento= HTTP/1.1" 200 14157
INFO 2025-06-25 20:51:56,556 basehttp 11604 22956 "GET /staff/emisiones/listpolizas?fil_status=ALL&fil_nombre=&fil_nro_poliza=2345&fil_rubro=0&fil_modelo=&fil_patente=&fil_dias_vencimiento= HTTP/1.1" 200 14157
INFO 2025-06-25 20:52:00,668 basehttp 11604 11432 "GET /staff/emisiones/listpolizas?fil_status=A&fil_nombre=&fil_nro_poliza=&fil_rubro=0&fil_modelo=&fil_patente=&fil_dias_vencimiento= HTTP/1.1" 200 14165
INFO 2025-06-25 20:52:04,716 basehttp 11604 11432 "GET /staff/emisiones/listpolizas?fil_status=A&fil_nombre=&fil_nro_poliza=&fil_rubro=0&fil_modelo=34567&fil_patente=&fil_dias_vencimiento= HTTP/1.1" 200 14165
INFO 2025-06-25 20:52:46,178 autoreload 11604 9532 C:\Users\ignac\OneDrive\Documentos\Django\NovaraRey\EmisionesApp\views.py changed, reloading.
INFO 2025-06-25 20:52:47,331 autoreload 5640 5648 Watching for file changes with StatReloader
INFO 2025-06-25 20:52:51,290 basehttp 5640 18548 "GET /staff/emisiones/listpolizas?fil_status=A&fil_nombre=&fil_nro_poliza=&fil_rubro=0&fil_modelo=34567&fil_patente=&fil_dias_vencimiento= HTTP/1.1" 200 14170
INFO 2025-06-25 20:53:00,695 autoreload 5640 5648 C:\Users\ignac\OneDrive\Documentos\Django\NovaraRey\EmisionesApp\views.py changed, reloading.
INFO 2025-06-25 20:53:01,721 autoreload 25468 24148 Watching for file changes with StatReloader
INFO 2025-06-25 20:53:04,507 basehttp 25468 9824 "GET /staff/emisiones/listpolizas?fil_status=A&fil_nombre=&fil_nro_poliza=&fil_rubro=0&fil_modelo=34567&fil_patente=&fil_dias_vencimiento= HTTP/1.1" 200 14170
INFO 2025-06-25 20:53:18,793 basehttp 25468 1592 "GET /staff/emisiones/listpolizas?fil_status=A&fil_nombre=asdsfdghjh&fil_nro_poliza=&fil_rubro=0&fil_modelo=34567&fil_patente=&fil_dias_vencimiento= HTTP/1.1" 200 14180
INFO 2025-06-25 20:53:34,025 basehttp 25468 10476 "GET /staff/emisiones/listpolizas?fil_status=A&fil_nombre=asdsfdghjh&fil_nro_poliza=asdsf&fil_rubro=0&fil_modelo=34567&fil_patente=asdfas&fil_dias_vencimiento=44 HTTP/1.1" 200 14193
INFO 2025-06-25 20:53:44,782 autoreload 25468 24148 C:\Users\ignac\OneDrive\Documentos\Django\NovaraRey\EmisionesApp\views.py changed, reloading.
INFO 2025-06-25 20:53:45,752 autoreload 21896 20844 Watching for file changes with StatReloader
INFO 2025-06-25 21:12:45,074 autoreload 21896 20844 C:\Users\ignac\OneDrive\Documentos\Django\NovaraRey\EmisionesApp\views.py changed, reloading.
INFO 2025-06-25 21:12:46,342 autoreload 24588 22324 Watching for file changes with StatReloader
INFO 2025-06-25 21:12:56,408 basehttp 24588 7936 "GET /staff/emisiones/listpolizas?fil_status=ALL&fil_nombre=&fil_nro_poliza=&fil_rubro=0&fil_modelo=&fil_patente=&fil_dias_vencimiento= HTTP/1.1" 200 14157
INFO 2025-06-25 21:13:05,520 basehttp 24588 24572 "GET /staff/emisiones/listpolizas?fil_status=V&fil_nombre=&fil_nro_poliza=&fil_rubro=0&fil_modelo=&fil_patente=&fil_dias_vencimiento= HTTP/1.1" 200 13535
INFO 2025-06-25 21:13:12,783 basehttp 24588 20804 "GET /staff/emisiones/listpolizas?fil_status=A&fil_nombre=&fil_nro_poliza=&fil_rubro=0&fil_modelo=&fil_patente=&fil_dias_vencimiento= HTTP/1.1" 200 13667
INFO 2025-06-25 21:13:16,700 basehttp 24588 20804 "GET /staff/emisiones/listpolizas?fil_status=X&fil_nombre=&fil_nro_poliza=&fil_rubro=0&fil_modelo=&fil_patente=&fil_dias_vencimiento= HTTP/1.1" 200 13160
INFO 2025-06-26 09:17:50,906 basehttp 24588 20092 "GET /staff/emisiones/listpolizas?fil_status=ALL&fil_nombre=&fil_nro_poliza=&fil_rubro=0&fil_modelo=&fil_patente=&fil_dias_vencimiento= HTTP/1.1" 302 0
INFO 2025-06-26 09:17:51,212 basehttp 24588 20092 "GET /login/login/?next=/staff/emisiones/listpolizas%3Ffil_status%3DALL%26fil_nombre%3D%26fil_nro_poliza%3D%26fil_rubro%3D0%26fil_modelo%3D%26fil_patente%3D%26fil_dias_vencimiento%3D HTTP/1.1" 200 6804
INFO 2025-06-26 09:17:51,330 basehttp 24588 20092 "GET /static/css/styles.css HTTP/1.1" 304 0
INFO 2025-06-26 09:17:57,351 basehttp 24588 20092 "POST /login/login/?next=/staff/emisiones/listpolizas%3Ffil_status%3DALL%26fil_nombre%3D%26fil_nro_poliza%3D%26fil_rubro%3D0%26fil_modelo%3D%26fil_patente%3D%26fil_dias_vencimiento%3D HTTP/1.1" 302 0
INFO 2025-06-26 09:17:57,456 basehttp 24588 20092 "GET /staff/emisiones/listpolizas?fil_status=ALL&fil_nombre=&fil_nro_poliza=&fil_rubro=0&fil_modelo=&fil_patente=&fil_dias_vencimiento= HTTP/1.1" 200 14157
INFO 2025-06-26 09:18:52,053 basehttp 24588 14264 "GET /staff/emisiones/list HTTP/1.1" 200 18993
INFO 2025-06-26 09:18:59,970 basehttp 24588 14264 "GET /staff/dashboard/ HTTP/1.1" 200 13555
WARNING 2025-06-26 09:19:00,089 basehttp 24588 14264 "GET /static/css/staff.css HTTP/1.1" 404 1853
INFO 2025-06-26 09:19:42,068 basehttp 24588 7180 "GET /staff/emisiones/list?filtro_poliza=SP HTTP/1.1" 200 15586
INFO 2025-06-26 09:21:15,013 basehttp 24588 28332 "GET /staff/emisiones/list?filtro_poliza=SP HTTP/1.1" 200 15586
INFO 2025-06-26 09:21:24,680 basehttp 24588 17924 "GET /staff/emisiones/editemision/6/ HTTP/1.1" 200 14518
INFO 2025-06-26 09:22:47,049 basehttp 24588 5660 "GET /staff/emisiones/list HTTP/1.1" 200 18993
INFO 2025-06-26 09:23:09,467 basehttp 24588 10308 "GET /staff/emisiones/addPoliza/6/ HTTP/1.1" 200 13328
ERROR 2025-06-26 09:25:31,089 log 24588 11624 Internal Server Error: /staff/emisiones/addPoliza/6/
Traceback (most recent call last):
  File "C:\Users\ignac\AppData\Local\Programs\Python\Python313\Lib\site-packages\django\core\handlers\exception.py", line 55, in inner
    response = get_response(request)
  File "C:\Users\ignac\AppData\Local\Programs\Python\Python313\Lib\site-packages\django\core\handlers\base.py", line 197, in _get_response
    response = wrapped_callback(request, *callback_args, **callback_kwargs)
  File "C:\Users\ignac\AppData\Local\Programs\Python\Python313\Lib\site-packages\django\contrib\auth\decorators.py", line 59, in _view_wrapper
    return view_func(request, *args, **kwargs)
  File "C:\Users\ignac\OneDrive\Documentos\Django\novararey\EmisionesApp\views.py", line 258, in vista_add_poliza
    return redirect('{% url "ver_poliza" 0 %}'.replace("0", str(new_poliza.id)))
  File "C:\Users\ignac\AppData\Local\Programs\Python\Python313\Lib\site-packages\django\shortcuts.py", line 51, in redirect
    resolve_url(to, *args, **kwargs),
    ~~~~~~~~~~~^^^^^^^^^^^^^^^^^^^^^
  File "C:\Users\ignac\AppData\Local\Programs\Python\Python313\Lib\site-packages\django\shortcuts.py", line 184, in resolve_url
    return reverse(to, args=args, kwargs=kwargs)
  File "C:\Users\ignac\AppData\Local\Programs\Python\Python313\Lib\site-packages\django\urls\base.py", line 98, in reverse
    resolved_url = resolver._reverse_with_prefix(view, prefix, *args, **kwargs)
  File "C:\Users\ignac\AppData\Local\Programs\Python\Python313\Lib\site-packages\django\urls\resolvers.py", line 831, in _reverse_with_prefix
    raise NoReverseMatch(msg)
django.urls.exceptions.NoReverseMatch: Reverse for '{% url "ver_poliza" 4 %}' not found. '{% url "ver_poliza" 4 %}' is not a valid view function or pattern name.
ERROR 2025-06-26 09:25:31,109 basehttp 24588 11624 "POST /staff/emisiones/addPoliza/6/ HTTP/1.1" 500 94794
INFO 2025-06-26 09:25:48,932 basehttp 24588 26180 "GET /staff/emisiones/verPoliza/2/ HTTP/1.1" 200 24447
INFO 2025-06-26 09:25:59,185 basehttp 24588 28488 "GET /staff/emisiones/verPoliza/4/ HTTP/1.1" 200 23803
INFO 2025-06-26 09:27:59,568 basehttp 24588 20180 "POST /staff/emisiones/poliza/modificar/4/ HTTP/1.1" 302 0
INFO 2025-06-26 09:27:59,651 basehttp 24588 20180 "GET /staff/emisiones/verPoliza/4/ HTTP/1.1" 200 24885
INFO 2025-06-26 09:29:11,745 basehttp 24588 13760 "POST /staff/emisiones/poliza/anular/4/ HTTP/1.1" 302 0
INFO 2025-06-26 09:29:11,835 basehttp 24588 13760 "GET /staff/emisiones/verPoliza/4/ HTTP/1.1" 200 25760
ERROR 2025-06-26 09:29:50,678 log 24588 28212 Internal Server Error: /staff/emisiones/listpolizas
Traceback (most recent call last):
  File "C:\Users\ignac\AppData\Local\Programs\Python\Python313\Lib\site-packages\django\core\handlers\exception.py", line 55, in inner
    response = get_response(request)
  File "C:\Users\ignac\AppData\Local\Programs\Python\Python313\Lib\site-packages\django\core\handlers\base.py", line 197, in _get_response
    response = wrapped_callback(request, *callback_args, **callback_kwargs)
  File "C:\Users\ignac\AppData\Local\Programs\Python\Python313\Lib\site-packages\django\contrib\auth\decorators.py", line 59, in _view_wrapper
    return view_func(request, *args, **kwargs)
  File "C:\Users\ignac\OneDrive\Documentos\Django\novararey\EmisionesApp\views.py", line 296, in vista_list_polizas
    'filtro_rubro': int(fil_rubro),
                    ~~~^^^^^^^^^^^
ValueError: invalid literal for int() with base 10: ''
ERROR 2025-06-26 09:29:50,686 basehttp 24588 28212 "GET /staff/emisiones/listpolizas HTTP/1.1" 500 72539
ERROR 2025-06-26 09:30:15,154 log 24588 12080 Internal Server Error: /staff/emisiones/listpolizas
Traceback (most recent call last):
  File "C:\Users\ignac\AppData\Local\Programs\Python\Python313\Lib\site-packages\django\core\handlers\exception.py", line 55, in inner
    response = get_response(request)
  File "C:\Users\ignac\AppData\Local\Programs\Python\Python313\Lib\site-packages\django\core\handlers\base.py", line 197, in _get_response
    response = wrapped_callback(request, *callback_args, **callback_kwargs)
  File "C:\Users\ignac\AppData\Local\Programs\Python\Python313\Lib\site-packages\django\contrib\auth\decorators.py", line 59, in _view_wrapper
    return view_func(request, *args, **kwargs)
  File "C:\Users\ignac\OneDrive\Documentos\Django\novararey\EmisionesApp\views.py", line 296, in vista_list_polizas
    'filtro_rubro': int(fil_rubro),
                    ~~~^^^^^^^^^^^
ValueError: invalid literal for int() with base 10: ''
ERROR 2025-06-26 09:30:15,176 basehttp 24588 12080 "GET /staff/emisiones/listpolizas HTTP/1.1" 500 72539
WARNING 2025-06-26 09:30:23,871 log 24588 10608 Not Found: /staff/emisiones/listpolizas/
WARNING 2025-06-26 09:30:23,873 basehttp 24588 10608 "GET /staff/emisiones/listpolizas/ HTTP/1.1" 404 13626
ERROR 2025-06-26 09:31:02,048 log 24588 16360 Internal Server Error: /staff/emisiones/listpolizas
Traceback (most recent call last):
  File "C:\Users\ignac\AppData\Local\Programs\Python\Python313\Lib\site-packages\django\core\handlers\exception.py", line 55, in inner
    response = get_response(request)
  File "C:\Users\ignac\AppData\Local\Programs\Python\Python313\Lib\site-packages\django\core\handlers\base.py", line 197, in _get_response
    response = wrapped_callback(request, *callback_args, **callback_kwargs)
  File "C:\Users\ignac\AppData\Local\Programs\Python\Python313\Lib\site-packages\django\contrib\auth\decorators.py", line 59, in _view_wrapper
    return view_func(request, *args, **kwargs)
  File "C:\Users\ignac\OneDrive\Documentos\Django\novararey\EmisionesApp\views.py", line 296, in vista_list_polizas
    'filtro_rubro': int(fil_rubro),
                    ~~~^^^^^^^^^^^
ValueError: invalid literal for int() with base 10: ''
ERROR 2025-06-26 09:31:02,052 basehttp 24588 16360 "GET /staff/emisiones/listpolizas HTTP/1.1" 500 72539
INFO 2025-06-26 09:33:47,185 autoreload 24588 22324 C:\Users\ignac\OneDrive\Documentos\Django\NovaraRey\EmisionesApp\views.py changed, reloading.
INFO 2025-06-26 09:33:49,899 autoreload 6256 22784 Watching for file changes with StatReloader
INFO 2025-06-26 09:33:56,243 basehttp 6256 19588 "GET /staff/emisiones/listpolizas HTTP/1.1" 200 13152
INFO 2025-06-26 09:33:59,611 basehttp 6256 3380 "GET /staff/emisiones/listpolizas?fil_status=ALL&fil_nombre=&fil_nro_poliza=&fil_rubro=0&fil_modelo=&fil_patente=&fil_dias_vencimiento= HTTP/1.1" 200 14706
INFO 2025-06-26 09:36:32,883 basehttp 6256 12080 "GET /staff/emisiones/listpolizas?fil_status=V&fil_nombre=&fil_nro_poliza=&fil_rubro=0&fil_modelo=&fil_patente=&fil_dias_vencimiento= HTTP/1.1" 200 13535
INFO 2025-06-26 09:39:33,446 basehttp 6256 25880 "GET /staff/emisiones/listpolizas?fil_status=ALL&fil_nombre=&fil_nro_poliza=&fil_rubro=0&fil_modelo=&fil_patente=&fil_dias_vencimiento= HTTP/1.1" 200 14706
INFO 2025-06-26 09:42:32,274 autoreload 6256 22784 C:\Users\ignac\OneDrive\Documentos\Django\NovaraRey\EmisionesApp\views.py changed, reloading.
INFO 2025-06-26 09:42:33,415 autoreload 19876 9144 Watching for file changes with StatReloader
INFO 2025-06-26 09:42:39,723 basehttp 19876 17776 "GET /staff/emisiones/listpolizas?fil_status=ALL&fil_nombre=&fil_nro_poliza=&fil_rubro=0&fil_modelo=&fil_patente=&fil_dias_vencimiento= HTTP/1.1" 200 14706
ERROR 2025-06-26 09:42:45,262 log 19876 17776 Internal Server Error: /staff/emisiones/listpolizas
Traceback (most recent call last):
  File "C:\Users\ignac\AppData\Local\Programs\Python\Python313\Lib\site-packages\django\core\handlers\exception.py", line 55, in inner
    response = get_response(request)
  File "C:\Users\ignac\AppData\Local\Programs\Python\Python313\Lib\site-packages\django\core\handlers\base.py", line 197, in _get_response
    response = wrapped_callback(request, *callback_args, **callback_kwargs)
  File "C:\Users\ignac\AppData\Local\Programs\Python\Python313\Lib\site-packages\django\contrib\auth\decorators.py", line 59, in _view_wrapper
    return view_func(request, *args, **kwargs)
  File "C:\Users\ignac\OneDrive\Documentos\Django\novararey\EmisionesApp\views.py", line 296, in vista_list_polizas
    poliza.rel_emision.Cotizacion.cliente.clientepersonafisica.nombre.lower().icontains(fil_nombre.lower()) or
    ^^^^^^^^^^^^^^^^^^^^^^^^^^^^^^^^^^^^^^^^^^^^^^^^^^^^^^^^^^
  File "C:\Users\ignac\AppData\Local\Programs\Python\Python313\Lib\site-packages\django\db\models\fields\related_descriptors.py", line 531, in __get__
    raise self.RelatedObjectDoesNotExist(
    ...<2 lines>...
    )
ClientesApp.models.Cliente.clientepersonafisica.RelatedObjectDoesNotExist: Cliente has no clientepersonafisica.. Did you mean: 'clientepersonajuridica'?
ERROR 2025-06-26 09:42:45,271 basehttp 19876 17776 "GET /staff/emisiones/listpolizas?fil_status=ALL&fil_nombre=man&fil_nro_poliza=&fil_rubro=0&fil_modelo=&fil_patente=&fil_dias_vencimiento= HTTP/1.1" 500 79865
INFO 2025-06-26 09:46:28,531 autoreload 19876 9144 C:\Users\ignac\OneDrive\Documentos\Django\NovaraRey\EmisionesApp\views.py changed, reloading.
INFO 2025-06-26 09:46:29,538 autoreload 14664 22856 Watching for file changes with StatReloader
ERROR 2025-06-26 09:46:31,731 log 14664 3580 Internal Server Error: /staff/emisiones/listpolizas
Traceback (most recent call last):
  File "C:\Users\ignac\AppData\Local\Programs\Python\Python313\Lib\site-packages\django\core\handlers\exception.py", line 55, in inner
    response = get_response(request)
  File "C:\Users\ignac\AppData\Local\Programs\Python\Python313\Lib\site-packages\django\core\handlers\base.py", line 197, in _get_response
    response = wrapped_callback(request, *callback_args, **callback_kwargs)
  File "C:\Users\ignac\AppData\Local\Programs\Python\Python313\Lib\site-packages\django\contrib\auth\decorators.py", line 59, in _view_wrapper
    return view_func(request, *args, **kwargs)
  File "C:\Users\ignac\OneDrive\Documentos\Django\novararey\EmisionesApp\views.py", line 297, in vista_list_polizas
    if poliza.rel_emision.Cotizacion.cliente.clientepersonafisica:
       ^^^^^^^^^^^^^^^^^^^^^^^^^^^^^^^^^^^^^^^^^^^^^^^^^^^^^^^^^^
  File "C:\Users\ignac\AppData\Local\Programs\Python\Python313\Lib\site-packages\django\db\models\fields\related_descriptors.py", line 531, in __get__
    raise self.RelatedObjectDoesNotExist(
    ...<2 lines>...
    )
ClientesApp.models.Cliente.clientepersonafisica.RelatedObjectDoesNotExist: Cliente has no clientepersonafisica.. Did you mean: 'clientepersonajuridica'?
ERROR 2025-06-26 09:46:31,737 basehttp 14664 3580 "GET /staff/emisiones/listpolizas?fil_status=ALL&fil_nombre=man&fil_nro_poliza=&fil_rubro=0&fil_modelo=&fil_patente=&fil_dias_vencimiento= HTTP/1.1" 500 80298
INFO 2025-06-26 09:46:38,726 autoreload 14664 22856 C:\Users\ignac\OneDrive\Documentos\Django\NovaraRey\EmisionesApp\views.py changed, reloading.
INFO 2025-06-26 09:46:39,732 autoreload 16192 23144 Watching for file changes with StatReloader
ERROR 2025-06-26 09:46:42,479 log 16192 7844 Internal Server Error: /staff/emisiones/listpolizas
Traceback (most recent call last):
  File "C:\Users\ignac\AppData\Local\Programs\Python\Python313\Lib\site-packages\django\core\handlers\exception.py", line 55, in inner
    response = get_response(request)
  File "C:\Users\ignac\AppData\Local\Programs\Python\Python313\Lib\site-packages\django\core\handlers\base.py", line 197, in _get_response
    response = wrapped_callback(request, *callback_args, **callback_kwargs)
  File "C:\Users\ignac\AppData\Local\Programs\Python\Python313\Lib\site-packages\django\contrib\auth\decorators.py", line 59, in _view_wrapper
    return view_func(request, *args, **kwargs)
  File "C:\Users\ignac\OneDrive\Documentos\Django\novararey\EmisionesApp\views.py", line 297, in vista_list_polizas
    if poliza.rel_emision.Cotizacion.cliente.clientepersonafisica:
       ^^^^^^^^^^^^^^^^^^^^^^^^^^^^^^^^^^^^^^^^^^^^^^^^^^^^^^^^^^
  File "C:\Users\ignac\AppData\Local\Programs\Python\Python313\Lib\site-packages\django\db\models\fields\related_descriptors.py", line 531, in __get__
    raise self.RelatedObjectDoesNotExist(
    ...<2 lines>...
    )
ClientesApp.models.Cliente.clientepersonafisica.RelatedObjectDoesNotExist: Cliente has no clientepersonafisica.. Did you mean: 'clientepersonajuridica'?
ERROR 2025-06-26 09:46:42,483 basehttp 16192 7844 "GET /staff/emisiones/listpolizas?fil_status=ALL&fil_nombre=man&fil_nro_poliza=&fil_rubro=0&fil_modelo=&fil_patente=&fil_dias_vencimiento= HTTP/1.1" 500 80298
INFO 2025-06-26 09:48:43,208 autoreload 16192 23144 C:\Users\ignac\OneDrive\Documentos\Django\NovaraRey\EmisionesApp\views.py changed, reloading.
INFO 2025-06-26 09:48:44,214 autoreload 16780 23020 Watching for file changes with StatReloader
ERROR 2025-06-26 09:48:47,137 log 16780 10836 Internal Server Error: /staff/emisiones/listpolizas
Traceback (most recent call last):
  File "C:\Users\ignac\AppData\Local\Programs\Python\Python313\Lib\site-packages\django\core\handlers\exception.py", line 55, in inner
    response = get_response(request)
  File "C:\Users\ignac\AppData\Local\Programs\Python\Python313\Lib\site-packages\django\core\handlers\base.py", line 197, in _get_response
    response = wrapped_callback(request, *callback_args, **callback_kwargs)
  File "C:\Users\ignac\AppData\Local\Programs\Python\Python313\Lib\site-packages\django\contrib\auth\decorators.py", line 59, in _view_wrapper
    return view_func(request, *args, **kwargs)
  File "C:\Users\ignac\OneDrive\Documentos\Django\novararey\EmisionesApp\views.py", line 302, in vista_list_polizas
    if (poliza.rel_emision.Cotizacion.cliente.clientepersonajuridica.razon_social.lower().icontains(fil_nombre.lower())):
        ^^^^^^^^^^^^^^^^^^^^^^^^^^^^^^^^^^^^^^^^^^^^^^^^^^^^^^^^^^^^^^^^^^^^^^^^^^^^^^^^^^^^^^^^^^^
AttributeError: 'str' object has no attribute 'icontains'
ERROR 2025-06-26 09:48:47,141 basehttp 16780 10836 "GET /staff/emisiones/listpolizas?fil_status=ALL&fil_nombre=man&fil_nro_poliza=&fil_rubro=0&fil_modelo=&fil_patente=&fil_dias_vencimiento= HTTP/1.1" 500 75957
INFO 2025-06-26 09:50:20,186 autoreload 16780 23020 C:\Users\ignac\OneDrive\Documentos\Django\NovaraRey\EmisionesApp\views.py changed, reloading.
INFO 2025-06-26 09:50:21,211 autoreload 14008 26204 Watching for file changes with StatReloader
INFO 2025-06-26 09:50:23,744 basehttp 14008 24248 "GET /staff/emisiones/listpolizas?fil_status=ALL&fil_nombre=man&fil_nro_poliza=&fil_rubro=0&fil_modelo=&fil_patente=&fil_dias_vencimiento= HTTP/1.1" 200 13155
INFO 2025-06-26 09:50:28,342 basehttp 14008 24248 "GET /staff/emisiones/listpolizas?fil_status=ALL&fil_nombre=&fil_nro_poliza=&fil_rubro=0&fil_modelo=&fil_patente=&fil_dias_vencimiento= HTTP/1.1" 200 14706
INFO 2025-06-26 09:50:33,836 basehttp 14008 17632 "GET /staff/emisiones/listpolizas?fil_status=ALL&fil_nombre=man&fil_nro_poliza=&fil_rubro=0&fil_modelo=&fil_patente=&fil_dias_vencimiento= HTTP/1.1" 200 13155
INFO 2025-06-26 09:50:40,236 basehttp 14008 9812 "GET /staff/emisiones/listpolizas?fil_status=ALL&fil_nombre=&fil_nro_poliza=&fil_rubro=0&fil_modelo=&fil_patente=&fil_dias_vencimiento= HTTP/1.1" 200 14706
INFO 2025-06-26 09:50:46,671 basehttp 14008 9812 "GET /staff/emisiones/listpolizas?fil_status=ALL&fil_nombre=men&fil_nro_poliza=&fil_rubro=0&fil_modelo=&fil_patente=&fil_dias_vencimiento= HTTP/1.1" 200 13155
INFO 2025-06-26 09:52:46,848 autoreload 14008 26204 C:\Users\ignac\OneDrive\Documentos\Django\NovaraRey\EmisionesApp\views.py changed, reloading.
INFO 2025-06-26 09:52:47,839 autoreload 26400 21160 Watching for file changes with StatReloader
INFO 2025-06-26 09:52:52,415 basehttp 26400 23968 "GET /staff/emisiones/listpolizas?fil_status=ALL&fil_nombre=men&fil_nro_poliza=&fil_rubro=0&fil_modelo=&fil_patente=&fil_dias_vencimiento= HTTP/1.1" 200 13530
INFO 2025-06-26 09:53:00,588 basehttp 26400 21084 "GET /staff/emisiones/listpolizas?fil_status=ALL&fil_nombre=gor&fil_nro_poliza=&fil_rubro=0&fil_modelo=&fil_patente=&fil_dias_vencimiento= HTTP/1.1" 200 13530
INFO 2025-06-26 09:53:05,144 basehttp 26400 21084 "GET /staff/emisiones/listpolizas?fil_status=ALL&fil_nombre=man&fil_nro_poliza=&fil_rubro=0&fil_modelo=&fil_patente=&fil_dias_vencimiento= HTTP/1.1" 200 13662
INFO 2025-06-26 09:53:07,752 basehttp 26400 21084 "GET /staff/emisiones/listpolizas?fil_status=ALL&fil_nombre=&fil_nro_poliza=&fil_rubro=0&fil_modelo=&fil_patente=&fil_dias_vencimiento= HTTP/1.1" 200 14706
INFO 2025-06-26 09:53:14,220 basehttp 26400 7188 "GET /staff/emisiones/listpolizas?fil_status=ALL&fil_nombre=no&fil_nro_poliza=&fil_rubro=0&fil_modelo=&fil_patente=&fil_dias_vencimiento= HTTP/1.1" 200 13580
INFO 2025-06-26 09:53:17,904 basehttp 26400 7188 "GET /staff/emisiones/listpolizas?fil_status=ALL&fil_nombre=&fil_nro_poliza=&fil_rubro=0&fil_modelo=&fil_patente=&fil_dias_vencimiento= HTTP/1.1" 200 14706
INFO 2025-06-26 10:01:36,319 autoreload 26400 21160 C:\Users\ignac\OneDrive\Documentos\Django\NovaraRey\EmisionesApp\views.py changed, reloading.
INFO 2025-06-26 10:01:37,327 autoreload 5536 19096 Watching for file changes with StatReloader
INFO 2025-06-26 10:01:56,564 basehttp 5536 5164 "GET /staff/emisiones/listpolizas?fil_status=ALL&fil_nombre=&fil_nro_poliza=&fil_rubro=0&fil_modelo=&fil_patente=&fil_dias_vencimiento= HTTP/1.1" 200 14706
INFO 2025-06-26 10:02:01,202 basehttp 5536 17932 "GET /staff/emisiones/listpolizas?fil_status=ALL&fil_nombre=&fil_nro_poliza=4&fil_rubro=0&fil_modelo=&fil_patente=&fil_dias_vencimiento= HTTP/1.1" 200 14707
INFO 2025-06-26 10:02:05,796 basehttp 5536 17932 "GET /staff/emisiones/listpolizas?fil_status=ALL&fil_nombre=&fil_nro_poliza=44&fil_rubro=0&fil_modelo=&fil_patente=&fil_dias_vencimiento= HTTP/1.1" 200 14078
INFO 2025-06-26 10:02:11,014 basehttp 5536 3104 "GET /staff/emisiones/listpolizas?fil_status=ALL&fil_nombre=&fil_nro_poliza=&fil_rubro=0&fil_modelo=&fil_patente=&fil_dias_vencimiento= HTTP/1.1" 200 14706
INFO 2025-06-26 10:02:16,836 basehttp 5536 3104 "GET /staff/emisiones/listpolizas?fil_status=ALL&fil_nombre=&fil_nro_poliza=&fil_rubro=1&fil_modelo=&fil_patente=&fil_dias_vencimiento= HTTP/1.1" 200 14216
ERROR 2025-06-26 10:02:46,413 log 5536 22800 Internal Server Error: /staff/emisiones/listpolizas
Traceback (most recent call last):
  File "C:\Users\ignac\AppData\Local\Programs\Python\Python313\Lib\site-packages\django\core\handlers\exception.py", line 55, in inner
    response = get_response(request)
  File "C:\Users\ignac\AppData\Local\Programs\Python\Python313\Lib\site-packages\django\core\handlers\base.py", line 197, in _get_response
    response = wrapped_callback(request, *callback_args, **callback_kwargs)
  File "C:\Users\ignac\AppData\Local\Programs\Python\Python313\Lib\site-packages\django\contrib\auth\decorators.py", line 59, in _view_wrapper
    return view_func(request, *args, **kwargs)
  File "C:\Users\ignac\OneDrive\Documentos\Django\novararey\EmisionesApp\views.py", line 316, in vista_list_polizas
    selected = [poliza for poliza in selected if fil_modelo.lower() in poliza.rel_emision.Cotizacion.solicitud_cotizacion.str_detalle.lower()]
                                                                       ^^^^^^^^^^^^^^^^^^^^^^^^^^^^^^^^^^^^^^^^^^^^^^^^^^^^^^^^^^^^^^^^^^^^
AttributeError: 'function' object has no attribute 'lower'
ERROR 2025-06-26 10:02:46,433 basehttp 5536 22800 "GET /staff/emisiones/listpolizas?fil_status=ALL&fil_nombre=&fil_nro_poliza=&fil_rubro=1&fil_modelo=2020&fil_patente=&fil_dias_vencimiento= HTTP/1.1" 500 75240
INFO 2025-06-26 10:03:19,104 autoreload 5536 19096 C:\Users\ignac\OneDrive\Documentos\Django\NovaraRey\EmisionesApp\views.py changed, reloading.
INFO 2025-06-26 10:03:20,032 autoreload 21896 20372 Watching for file changes with StatReloader
INFO 2025-06-26 10:03:23,197 basehttp 21896 21592 "GET /staff/emisiones/listpolizas?fil_status=ALL&fil_nombre=&fil_nro_poliza=&fil_rubro=1&fil_modelo=2020&fil_patente=&fil_dias_vencimiento= HTTP/1.1" 200 13671
INFO 2025-06-26 10:03:32,348 basehttp 21896 28132 "GET /staff/emisiones/listpolizas?fil_status=ALL&fil_nombre=&fil_nro_poliza=&fil_rubro=1&fil_modelo=2023&fil_patente=&fil_dias_vencimiento= HTTP/1.1" 200 13164
INFO 2025-06-26 10:03:35,756 basehttp 21896 28132 "GET /staff/emisiones/listpolizas?fil_status=ALL&fil_nombre=&fil_nro_poliza=&fil_rubro=1&fil_modelo=2022&fil_patente=&fil_dias_vencimiento= HTTP/1.1" 200 13164
INFO 2025-06-26 10:03:41,168 basehttp 21896 20836 "GET /staff/emisiones/listpolizas?fil_status=ALL&fil_nombre=&fil_nro_poliza=&fil_rubro=1&fil_modelo=2021&fil_patente=&fil_dias_vencimiento= HTTP/1.1" 200 13590
INFO 2025-06-26 10:03:45,012 basehttp 21896 20836 "GET /staff/emisiones/listpolizas?fil_status=ALL&fil_nombre=&fil_nro_poliza=&fil_rubro=0&fil_modelo=&fil_patente=&fil_dias_vencimiento= HTTP/1.1" 200 14706
INFO 2025-06-26 10:03:57,990 basehttp 21896 5408 "GET /staff/emisiones/listpolizas?fil_status=ALL&fil_nombre=&fil_nro_poliza=&fil_rubro=0&fil_modelo=&fil_patente=EU&fil_dias_vencimiento= HTTP/1.1" 200 13661
INFO 2025-06-26 10:04:02,625 basehttp 21896 6636 "GET /staff/emisiones/listpolizas?fil_status=ALL&fil_nombre=&fil_nro_poliza=&fil_rubro=0&fil_modelo=&fil_patente=&fil_dias_vencimiento= HTTP/1.1" 200 14706
INFO 2025-06-26 10:04:12,301 basehttp 21896 8484 "GET /staff/emisiones/listpolizas?fil_status=ALL&fil_nombre=&fil_nro_poliza=&fil_rubro=0&fil_modelo=&fil_patente=&fil_dias_vencimiento=14 HTTP/1.1" 200 13529
INFO 2025-06-26 10:04:22,152 basehttp 21896 23736 "GET /staff/emisiones/listpolizas?fil_status=ALL&fil_nombre=&fil_nro_poliza=&fil_rubro=0&fil_modelo=&fil_patente=&fil_dias_vencimiento=3 HTTP/1.1" 200 13528
INFO 2025-06-26 10:04:25,540 basehttp 21896 23736 "GET /staff/emisiones/listpolizas?fil_status=ALL&fil_nombre=&fil_nro_poliza=&fil_rubro=0&fil_modelo=&fil_patente=&fil_dias_vencimiento=2 HTTP/1.1" 200 13528
INFO 2025-06-26 10:04:29,592 basehttp 21896 23736 "GET /staff/emisiones/listpolizas?fil_status=ALL&fil_nombre=&fil_nro_poliza=&fil_rubro=0&fil_modelo=&fil_patente=&fil_dias_vencimiento=1 HTTP/1.1" 200 13153
INFO 2025-06-26 10:04:35,481 basehttp 21896 23384 "GET /staff/emisiones/listpolizas?fil_status=ALL&fil_nombre=&fil_nro_poliza=&fil_rubro=0&fil_modelo=&fil_patente=&fil_dias_vencimiento= HTTP/1.1" 200 14706
INFO 2025-06-26 10:24:11,098 basehttp 21896 28424 "GET /staff/emisiones/list HTTP/1.1" 200 18999
INFO 2025-06-26 10:24:16,594 basehttp 21896 28424 "GET /staff/emisiones/addPoliza/4/ HTTP/1.1" 200 13269
ERROR 2025-06-26 10:24:41,649 log 21896 5088 Internal Server Error: /staff/emisiones/addPoliza/4/
Traceback (most recent call last):
  File "C:\Users\ignac\AppData\Local\Programs\Python\Python313\Lib\site-packages\django\core\handlers\exception.py", line 55, in inner
    response = get_response(request)
  File "C:\Users\ignac\AppData\Local\Programs\Python\Python313\Lib\site-packages\django\core\handlers\base.py", line 197, in _get_response
    response = wrapped_callback(request, *callback_args, **callback_kwargs)
  File "C:\Users\ignac\AppData\Local\Programs\Python\Python313\Lib\site-packages\django\contrib\auth\decorators.py", line 59, in _view_wrapper
    return view_func(request, *args, **kwargs)
  File "C:\Users\ignac\OneDrive\Documentos\Django\novararey\EmisionesApp\views.py", line 258, in vista_add_poliza
    return redirect('{% url "ver_poliza" 0 %}'.replace("0", str(new_poliza.id)))
  File "C:\Users\ignac\AppData\Local\Programs\Python\Python313\Lib\site-packages\django\shortcuts.py", line 51, in redirect
    resolve_url(to, *args, **kwargs),
    ~~~~~~~~~~~^^^^^^^^^^^^^^^^^^^^^
  File "C:\Users\ignac\AppData\Local\Programs\Python\Python313\Lib\site-packages\django\shortcuts.py", line 184, in resolve_url
    return reverse(to, args=args, kwargs=kwargs)
  File "C:\Users\ignac\AppData\Local\Programs\Python\Python313\Lib\site-packages\django\urls\base.py", line 98, in reverse
    resolved_url = resolver._reverse_with_prefix(view, prefix, *args, **kwargs)
  File "C:\Users\ignac\AppData\Local\Programs\Python\Python313\Lib\site-packages\django\urls\resolvers.py", line 831, in _reverse_with_prefix
    raise NoReverseMatch(msg)
django.urls.exceptions.NoReverseMatch: Reverse for '{% url "ver_poliza" 5 %}' not found. '{% url "ver_poliza" 5 %}' is not a valid view function or pattern name.
ERROR 2025-06-26 10:24:41,665 basehttp 21896 5088 "POST /staff/emisiones/addPoliza/4/ HTTP/1.1" 500 94771
INFO 2025-06-26 10:30:32,127 autoreload 21896 20372 C:\Users\ignac\OneDrive\Documentos\Django\NovaraRey\EmisionesApp\views.py changed, reloading.
INFO 2025-06-26 10:30:34,527 autoreload 20092 27564 Watching for file changes with StatReloader
INFO 2025-06-26 10:30:43,309 basehttp 20092 17008 "GET /staff/emisiones/list HTTP/1.1" 200 19005
INFO 2025-06-26 10:30:50,818 basehttp 20092 424 "GET /staff/emisiones/list?filtro_poliza=SP&nombre= HTTP/1.1" 200 12404
INFO 2025-06-26 10:30:58,059 basehttp 20092 424 "GET /staff/emisiones/addPoliza/7/ HTTP/1.1" 200 13448
INFO 2025-06-26 10:31:49,124 basehttp 20092 21948 "POST /staff/emisiones/addPoliza/7/ HTTP/1.1" 302 0
INFO 2025-06-26 10:31:49,205 basehttp 20092 21948 "GET /staff/emisiones/verPoliza/6/ HTTP/1.1" 200 23372
INFO 2025-06-26 10:37:33,198 basehttp 20092 10608 "GET /staff/emisiones/verPoliza/6/ HTTP/1.1" 200 23452
ERROR 2025-06-26 10:37:34,996 log 20092 10608 Internal Server Error: /staff/emisiones/listpolizas
Traceback (most recent call last):
  File "C:\Users\ignac\AppData\Local\Programs\Python\Python313\Lib\site-packages\django\core\handlers\exception.py", line 55, in inner
    response = get_response(request)
  File "C:\Users\ignac\AppData\Local\Programs\Python\Python313\Lib\site-packages\django\core\handlers\base.py", line 197, in _get_response
    response = wrapped_callback(request, *callback_args, **callback_kwargs)
  File "C:\Users\ignac\AppData\Local\Programs\Python\Python313\Lib\site-packages\django\contrib\auth\decorators.py", line 59, in _view_wrapper
    return view_func(request, *args, **kwargs)
  File "C:\Users\ignac\OneDrive\Documentos\Django\novararey\EmisionesApp\views.py", line 311, in vista_list_polizas
    if int(fil_rubro)>0:
       ~~~^^^^^^^^^^^
ValueError: invalid literal for int() with base 10: ''
ERROR 2025-06-26 10:37:35,003 basehttp 20092 10608 "GET /staff/emisiones/listpolizas HTTP/1.1" 500 72642
INFO 2025-06-26 10:39:27,870 autoreload 20092 27564 C:\Users\ignac\OneDrive\Documentos\Django\NovaraRey\EmisionesApp\views.py changed, reloading.
INFO 2025-06-26 10:39:29,844 autoreload 7796 16336 Watching for file changes with StatReloader
INFO 2025-06-26 10:39:32,836 basehttp 7796 15856 "GET /staff/emisiones/listpolizas HTTP/1.1" 200 13152
INFO 2025-06-26 10:39:42,774 basehttp 7796 8592 "GET /staff/emisiones/listpolizas?fil_status=ALL&fil_nombre=&fil_nro_poliza=&fil_rubro=0&fil_modelo=&fil_patente=&fil_dias_vencimiento= HTTP/1.1" 200 16085
INFO 2025-06-26 10:42:18,899 autoreload 7796 16336 C:\Users\ignac\OneDrive\Documentos\Django\NovaraRey\EmisionesApp\views.py changed, reloading.
INFO 2025-06-26 10:42:20,767 autoreload 17240 21112 Watching for file changes with StatReloader
INFO 2025-06-26 10:42:44,990 basehttp 17240 28324 "GET /staff/emisiones/verPoliza/6/ HTTP/1.1" 200 23452
INFO 2025-06-26 10:42:48,954 basehttp 17240 28324 "GET /staff/emisiones/listpolizas HTTP/1.1" 200 16085
INFO 2025-06-26 10:44:28,523 basehttp 17240 25204 "GET /staff/emisiones/listpolizas?fil_status=ALL&fil_nombre=&fil_nro_poliza=54&fil_rubro=0&fil_modelo=&fil_patente=&fil_dias_vencimiento= HTTP/1.1" 200 14410
INFO 2025-06-26 10:44:40,815 basehttp 17240 9480 "GET /staff/emisiones/listpolizas?fil_status=ALL&fil_nombre=mend&fil_nro_poliza=&fil_rubro=0&fil_modelo=&fil_patente=&fil_dias_vencimiento= HTTP/1.1" 200 14910
INFO 2025-06-26 10:44:50,778 basehttp 17240 9480 "GET /staff/emisiones/listpolizas?fil_status=ALL&fil_nombre=mend&fil_nro_poliza=&fil_rubro=1&fil_modelo=&fil_patente=&fil_dias_vencimiento= HTTP/1.1" 200 13164
INFO 2025-06-26 10:44:54,816 basehttp 17240 9480 "GET /staff/emisiones/listpolizas?fil_status=ALL&fil_nombre=mend&fil_nro_poliza=&fil_rubro=0&fil_modelo=&fil_patente=&fil_dias_vencimiento= HTTP/1.1" 200 14910
INFO 2025-06-26 10:45:00,956 basehttp 17240 9480 "GET /staff/emisiones/listpolizas?fil_status=ALL&fil_nombre=mend&fil_nro_poliza=&fil_rubro=2&fil_modelo=&fil_patente=&fil_dias_vencimiento= HTTP/1.1" 200 13637
INFO 2025-06-26 10:45:19,235 basehttp 17240 9480 "GET /staff/emisiones/listpolizas?fil_status=ALL&fil_nombre=&fil_nro_poliza=&fil_rubro=0&fil_modelo=&fil_patente=&fil_dias_vencimiento= HTTP/1.1" 200 16085
INFO 2025-06-26 11:00:29,891 autoreload 17240 21112 C:\Users\ignac\OneDrive\Documentos\Django\NovaraRey\StaffApp\views.py changed, reloading.
INFO 2025-06-26 11:00:33,547 autoreload 7120 22960 Watching for file changes with StatReloader
INFO 2025-06-26 11:00:35,458 autoreload 7120 22960 C:\Users\ignac\OneDrive\Documentos\Django\NovaraRey\StaffApp\views.py changed, reloading.
INFO 2025-06-26 11:00:37,350 autoreload 19800 23444 Watching for file changes with StatReloader
ERROR 2025-06-26 11:00:39,935 log 19800 15572 Internal Server Error: /staff/dashboard/
Traceback (most recent call last):
  File "C:\Users\ignac\AppData\Local\Programs\Python\Python313\Lib\site-packages\django\core\handlers\exception.py", line 55, in inner
    response = get_response(request)
  File "C:\Users\ignac\AppData\Local\Programs\Python\Python313\Lib\site-packages\django\core\handlers\base.py", line 197, in _get_response
    response = wrapped_callback(request, *callback_args, **callback_kwargs)
  File "C:\Users\ignac\AppData\Local\Programs\Python\Python313\Lib\site-packages\django\contrib\auth\decorators.py", line 59, in _view_wrapper
    return view_func(request, *args, **kwargs)
  File "C:\Users\ignac\OneDrive\Documentos\Django\novararey\StaffApp\views.py", line 186, in vista_dashboard
    polizas = Poliza.objects.all()
              ^^^^^^
NameError: name 'Poliza' is not defined
ERROR 2025-06-26 11:00:39,940 basehttp 19800 15572 "GET /staff/dashboard/ HTTP/1.1" 500 74676
INFO 2025-06-26 11:00:56,050 autoreload 19800 23444 C:\Users\ignac\OneDrive\Documentos\Django\NovaraRey\StaffApp\views.py changed, reloading.
INFO 2025-06-26 11:00:57,315 autoreload 25992 11836 Watching for file changes with StatReloader
INFO 2025-06-26 11:01:00,250 basehttp 25992 11252 "GET /staff/dashboard/ HTTP/1.1" 200 14311
WARNING 2025-06-26 11:01:00,344 basehttp 25992 11252 "GET /static/css/staff.css HTTP/1.1" 404 1853
INFO 2025-06-26 11:06:45,692 basehttp 25992 17648 "GET /staff/dashboard/ HTTP/1.1" 200 14386
WARNING 2025-06-26 11:06:45,775 basehttp 25992 17648 "GET /static/css/staff.css HTTP/1.1" 404 1853
INFO 2025-06-26 11:06:46,056 basehttp 25992 25628 "GET /static/img/icoNovaraRey.png HTTP/1.1" 200 10438
INFO 2025-06-26 11:08:30,202 basehttp 25992 20164 "GET /staff/dashboard/ HTTP/1.1" 200 14386
WARNING 2025-06-26 11:08:30,256 basehttp 25992 20164 "GET /static/css/staff.css HTTP/1.1" 404 1853
INFO 2025-06-26 11:08:30,383 basehttp 25992 16880 "GET /static/img/icoNovaraRey.png HTTP/1.1" 304 0
INFO 2025-06-26 11:10:21,502 basehttp 25992 7476 "GET /staff/dashboard/ HTTP/1.1" 200 14590
WARNING 2025-06-26 11:10:21,557 basehttp 25992 7476 "GET /static/css/staff.css HTTP/1.1" 404 1853
INFO 2025-06-26 11:10:21,681 basehttp 25992 27544 "GET /static/img/icoNovaraRey.png HTTP/1.1" 304 0
INFO 2025-06-26 11:10:26,000 basehttp 25992 27544 "GET /staff/emisiones/listpolizas HTTP/1.1" 200 16364
INFO 2025-06-26 11:13:25,926 basehttp 25992 26008 "GET /staff/emisiones/listpolizas HTTP/1.1" 200 17064
INFO 2025-06-26 11:13:26,109 basehttp 25992 26008 "GET /static/img/icoNovaraRey.png HTTP/1.1" 304 0
INFO 2025-06-26 11:16:11,999 basehttp 25992 19148 "GET /staff/emisiones/listpolizas HTTP/1.1" 200 17429
INFO 2025-06-26 11:16:12,172 basehttp 25992 19148 "GET /static/img/icoNovaraRey.png HTTP/1.1" 304 0
INFO 2025-06-26 11:16:15,597 basehttp 25992 19148 "GET /staff/emisiones/verPoliza/3/ HTTP/1.1" 200 24344
INFO 2025-06-26 11:16:20,051 basehttp 25992 24808 "GET /staff/emisiones/listpolizas HTTP/1.1" 200 17429
INFO 2025-06-26 11:17:49,205 autoreload 25992 11836 C:\Users\ignac\OneDrive\Documentos\Django\NovaraRey\EmisionesApp\models.py changed, reloading.
INFO 2025-06-26 11:17:51,564 autoreload 25168 24204 Watching for file changes with StatReloader
INFO 2025-06-26 11:31:07,097 autoreload 25168 24204 C:\Users\ignac\OneDrive\Documentos\Django\NovaraRey\EmisionesApp\urls.py changed, reloading.
INFO 2025-06-26 11:31:08,932 autoreload 2716 8848 Watching for file changes with StatReloader
INFO 2025-06-26 11:37:27,184 autoreload 2716 8848 C:\Users\ignac\OneDrive\Documentos\Django\NovaraRey\EmisionesApp\views.py changed, reloading.
INFO 2025-06-26 11:37:29,037 autoreload 4176 12824 Watching for file changes with StatReloader
INFO 2025-06-26 11:39:37,806 autoreload 4176 12824 C:\Users\ignac\OneDrive\Documentos\Django\NovaraRey\EmisionesApp\views.py changed, reloading.
INFO 2025-06-26 11:39:39,637 autoreload 28264 13920 Watching for file changes with StatReloader
INFO 2025-06-26 11:41:16,951 basehttp 28264 5560 "GET /staff/dashboard/ HTTP/1.1" 200 14590
WARNING 2025-06-26 11:41:17,068 basehttp 28264 5560 "GET /static/css/staff.css HTTP/1.1" 404 1853
INFO 2025-06-26 11:41:22,399 basehttp 28264 9212 "GET /staff/cotizaciones/solicitudes/?status=P HTTP/1.1" 200 12314
INFO 2025-06-26 11:41:30,121 basehttp 28264 9212 "GET /staff/emisiones/list HTTP/1.1" 200 19290
INFO 2025-06-26 11:41:38,014 basehttp 28264 28540 "GET /staff/emisiones/editemision/4/ HTTP/1.1" 200 15506
ERROR 2025-06-26 11:41:54,188 log 28264 24488 Internal Server Error: /staff/emisiones/addobservacion/4/
Traceback (most recent call last):
  File "C:\Users\ignac\AppData\Local\Programs\Python\Python313\Lib\site-packages\django\core\handlers\exception.py", line 55, in inner
    response = get_response(request)
  File "C:\Users\ignac\AppData\Local\Programs\Python\Python313\Lib\site-packages\django\core\handlers\base.py", line 197, in _get_response
    response = wrapped_callback(request, *callback_args, **callback_kwargs)
  File "C:\Users\ignac\AppData\Local\Programs\Python\Python313\Lib\site-packages\django\contrib\auth\decorators.py", line 59, in _view_wrapper
    return view_func(request, *args, **kwargs)
  File "C:\Users\ignac\OneDrive\Documentos\Django\novararey\EmisionesApp\views.py", line 466, in vista_add_observacion_emision
    obs = req.POST.get("obs").strip()
          ^^^^^^^^^^^^^^^^^^^^^^^^^
AttributeError: 'NoneType' object has no attribute 'strip'
ERROR 2025-06-26 11:41:54,194 basehttp 28264 24488 "POST /staff/emisiones/addobservacion/4/ HTTP/1.1" 500 72517
ERROR 2025-06-26 11:43:22,167 log 28264 22828 Internal Server Error: /staff/emisiones/addobservacion/4/
Traceback (most recent call last):
  File "C:\Users\ignac\AppData\Local\Programs\Python\Python313\Lib\site-packages\django\core\handlers\exception.py", line 55, in inner
    response = get_response(request)
  File "C:\Users\ignac\AppData\Local\Programs\Python\Python313\Lib\site-packages\django\core\handlers\base.py", line 197, in _get_response
    response = wrapped_callback(request, *callback_args, **callback_kwargs)
  File "C:\Users\ignac\AppData\Local\Programs\Python\Python313\Lib\site-packages\django\contrib\auth\decorators.py", line 59, in _view_wrapper
    return view_func(request, *args, **kwargs)
  File "C:\Users\ignac\OneDrive\Documentos\Django\novararey\EmisionesApp\views.py", line 466, in vista_add_observacion_emision
    obs = req.POST.get("obs").strip()
          ^^^^^^^^^^^^^^^^^^^^^^^^^
AttributeError: 'NoneType' object has no attribute 'strip'
ERROR 2025-06-26 11:43:22,172 basehttp 28264 22828 "POST /staff/emisiones/addobservacion/4/ HTTP/1.1" 500 72517
INFO 2025-06-26 11:43:38,222 basehttp 28264 22212 "GET /staff/emisiones/editemision/4/ HTTP/1.1" 200 15505
INFO 2025-06-26 11:43:38,327 basehttp 28264 22212 "GET /static/img/icoNovaraRey.png HTTP/1.1" 304 0
ERROR 2025-06-26 11:43:48,311 log 28264 22020 Internal Server Error: /staff/emisiones/addobservacion/4/
Traceback (most recent call last):
  File "C:\Users\ignac\AppData\Local\Programs\Python\Python313\Lib\site-packages\django\core\handlers\exception.py", line 55, in inner
    response = get_response(request)
  File "C:\Users\ignac\AppData\Local\Programs\Python\Python313\Lib\site-packages\django\core\handlers\base.py", line 197, in _get_response
    response = wrapped_callback(request, *callback_args, **callback_kwargs)
  File "C:\Users\ignac\AppData\Local\Programs\Python\Python313\Lib\site-packages\django\contrib\auth\decorators.py", line 59, in _view_wrapper
    return view_func(request, *args, **kwargs)
  File "C:\Users\ignac\OneDrive\Documentos\Django\novararey\EmisionesApp\views.py", line 468, in vista_add_observacion_emision
    emision.observaciones += f"\n{new_obs}" if emision.observaciones else new_obs
TypeError: unsupported operand type(s) for +=: 'NoneType' and 'str'
ERROR 2025-06-26 11:43:48,334 basehttp 28264 22020 "POST /staff/emisiones/addobservacion/4/ HTTP/1.1" 500 72958
INFO 2025-06-26 11:46:35,560 autoreload 28264 13920 C:\Users\ignac\OneDrive\Documentos\Django\NovaraRey\EmisionesApp\views.py changed, reloading.
INFO 2025-06-26 11:46:37,913 autoreload 10916 7344 Watching for file changes with StatReloader
INFO 2025-06-26 11:46:40,648 basehttp 10916 9672 "GET /staff/emisiones/editemision/4/ HTTP/1.1" 200 15505
ERROR 2025-06-26 11:46:50,509 log 10916 28548 Internal Server Error: /staff/emisiones/addobservacion/4/
Traceback (most recent call last):
  File "C:\Users\ignac\AppData\Local\Programs\Python\Python313\Lib\site-packages\django\core\handlers\exception.py", line 55, in inner
    response = get_response(request)
  File "C:\Users\ignac\AppData\Local\Programs\Python\Python313\Lib\site-packages\django\core\handlers\base.py", line 197, in _get_response
    response = wrapped_callback(request, *callback_args, **callback_kwargs)
  File "C:\Users\ignac\AppData\Local\Programs\Python\Python313\Lib\site-packages\django\contrib\auth\decorators.py", line 59, in _view_wrapper
    return view_func(request, *args, **kwargs)
  File "C:\Users\ignac\OneDrive\Documentos\Django\novararey\EmisionesApp\views.py", line 474, in vista_add_observacion_emision
    return redirect('editemision', emision.id)
  File "C:\Users\ignac\AppData\Local\Programs\Python\Python313\Lib\site-packages\django\shortcuts.py", line 51, in redirect
    resolve_url(to, *args, **kwargs),
    ~~~~~~~~~~~^^^^^^^^^^^^^^^^^^^^^
  File "C:\Users\ignac\AppData\Local\Programs\Python\Python313\Lib\site-packages\django\shortcuts.py", line 184, in resolve_url
    return reverse(to, args=args, kwargs=kwargs)
  File "C:\Users\ignac\AppData\Local\Programs\Python\Python313\Lib\site-packages\django\urls\base.py", line 98, in reverse
    resolved_url = resolver._reverse_with_prefix(view, prefix, *args, **kwargs)
  File "C:\Users\ignac\AppData\Local\Programs\Python\Python313\Lib\site-packages\django\urls\resolvers.py", line 831, in _reverse_with_prefix
    raise NoReverseMatch(msg)
django.urls.exceptions.NoReverseMatch: Reverse for 'editemision' not found. 'editemision' is not a valid view function or pattern name.
ERROR 2025-06-26 11:46:50,521 basehttp 10916 28548 "POST /staff/emisiones/addobservacion/4/ HTTP/1.1" 500 91781
INFO 2025-06-26 11:48:39,328 autoreload 10916 7344 C:\Users\ignac\OneDrive\Documentos\Django\NovaraRey\EmisionesApp\views.py changed, reloading.
INFO 2025-06-26 11:48:41,351 autoreload 9480 16916 Watching for file changes with StatReloader
INFO 2025-06-26 11:48:45,319 basehttp 9480 3868 "GET /staff/emisiones/editemision/4/ HTTP/1.1" 200 15537
INFO 2025-06-26 11:48:45,461 basehttp 9480 3868 "GET /static/img/icoNovaraRey.png HTTP/1.1" 304 0
INFO 2025-06-26 11:50:21,124 autoreload 9480 16916 C:\Users\ignac\OneDrive\Documentos\Django\NovaraRey\EmisionesApp\views.py changed, reloading.
INFO 2025-06-26 11:50:22,977 autoreload 25956 3052 Watching for file changes with StatReloader
INFO 2025-06-26 11:50:24,251 basehttp 25956 26720 "GET /staff/emisiones/editemision/4/ HTTP/1.1" 200 15537
INFO 2025-06-26 11:50:35,406 basehttp 25956 7800 "POST /staff/emisiones/addobservacion/4/ HTTP/1.1" 302 0
INFO 2025-06-26 11:50:35,481 basehttp 25956 7800 "GET /staff/emisiones/editemision/4/ HTTP/1.1" 200 15595
INFO 2025-06-26 11:50:53,783 autoreload 25956 3052 C:\Users\ignac\OneDrive\Documentos\Django\NovaraRey\EmisionesApp\views.py changed, reloading.
INFO 2025-06-26 11:50:55,484 autoreload 13536 24316 Watching for file changes with StatReloader
